Timestamp,Recv_Time,Roll,Pitch,Raw_Line
17:26:29.599,1769592389.599484,-21.318027,48.100777,"-21.318027, 48.100777"
17:26:29.600,1769592389.6015894,-21.318027,48.100777,"-21.318027, 48.100777"
17:26:29.601,1769592389.6015894,-20.503395,48.558929,"-20.503395, 48.558929"
17:26:29.602,1769592389.6021004,-20.503395,48.558929,"-20.503395, 48.558929"
17:26:29.602,1769592389.6021004,-20.064026,48.928566,"-20.064026, 48.928566"
17:26:29.603,1769592389.6031263,-20.064026,48.928566,"-20.064026, 48.928566"
17:26:29.603,1769592389.6036434,-20.064026,48.928566,"-20.064026, 48.928566"
17:26:29.604,1769592389.6048226,-20.110428,48.7565,"-20.110428, 48.756500"
17:26:29.604,1769592389.6048226,-20.110428,48.7565,"-20.110428, 48.756500"
17:26:29.604,1769592389.6048226,-20.110428,48.7565,"-20.110428, 48.756500"
17:26:29.605,1769592389.6058908,-20.700993,48.676056,"-20.700993, 48.676056"
17:26:29.605,1769592389.6058908,-20.700993,48.676056,"-20.700993, 48.676056"
17:26:29.605,1769592389.6058908,-21.598753,48.445503,"-21.598753, 48.445503"
17:26:29.606,1769592389.6068892,-21.598753,48.445503,"-21.598753, 48.445503"
17:26:29.606,1769592389.6068892,-21.598753,48.445503,"-21.598753, 48.445503"
17:26:29.606,1769592389.6079452,-22.314175,48.450367,"-22.314175, 48.450367"
17:26:29.607,1769592389.6079452,-22.314175,48.450367,"-22.314175, 48.450367"
17:26:29.607,1769592389.6079452,-22.314175,48.450367,"-22.314175, 48.450367"
17:26:29.607,1769592389.6079452,-22.757841,48.161983,"-22.757841, 48.161983"
17:26:29.609,1769592389.6094503,-22.757841,48.161983,"-22.757841, 48.161983"
17:26:29.609,1769592389.6094503,-23.005655,48.332268,"-23.005655, 48.332268"
17:26:29.609,1769592389.6094503,-23.005655,48.332268,"-23.005655, 48.332268"
17:26:29.609,1769592389.6094503,-23.005655,48.332268,"-23.005655, 48.332268"
17:26:29.611,1769592389.6110237,-22.806255,48.661858,"-22.806255, 48.661858"
17:26:29.611,1769592389.6110237,-22.806255,48.661858,"-22.806255, 48.661858"
17:26:29.611,1769592389.6115806,-22.806255,48.661858,"-22.806255, 48.661858"
17:26:29.612,1769592389.612099,-22.518944,48.870491,"-22.518944, 48.870491"
17:26:29.612,1769592389.612099,-22.518944,48.870491,"-22.518944, 48.870491"
17:26:29.612,1769592389.612099,-21.649738,48.936043,"-21.649738, 48.936043"
17:26:29.613,1769592389.613105,-21.649738,48.936043,"-21.649738, 48.936043"
17:26:29.613,1769592389.613105,-21.649738,48.936043,"-21.649738, 48.936043"
17:26:29.614,1769592389.6141715,-20.883152,49.223885,"-20.883152, 49.223885"
17:26:29.614,1769592389.6141715,-20.883152,49.223885,"-20.883152, 49.223885"
17:26:29.614,1769592389.6141715,-20.883152,49.223885,"-20.883152, 49.223885"
17:26:29.615,1769592389.6151803,-20.206089,49.094921,"-20.206089, 49.094921"
17:26:29.615,1769592389.6151803,-20.206089,49.094921,"-20.206089, 49.094921"
17:26:29.616,1769592389.6165123,-20.165421,48.893448,"-20.165421, 48.893448"
17:26:29.617,1769592389.6170206,-20.165421,48.893448,"-20.165421, 48.893448"
17:26:29.617,1769592389.617577,-20.165421,48.893448,"-20.165421, 48.893448"
17:26:29.617,1769592389.617577,-20.448399,48.755585,"-20.448399, 48.755585"
17:26:29.617,1769592389.6186175,-20.448399,48.755585,"-20.448399, 48.755585"
17:26:29.618,1769592389.6186175,-20.448399,48.755585,"-20.448399, 48.755585"
17:26:29.618,1769592389.6186175,-20.62928,48.420071,"-20.629280, 48.420071"
17:26:29.619,1769592389.6196237,-20.62928,48.420071,"-20.629280, 48.420071"
17:26:29.619,1769592389.6196237,-21.034012,48.145233,"-21.034012, 48.145233"
17:26:29.619,1769592389.6196237,-21.034012,48.145233,"-21.034012, 48.145233"
17:26:29.620,1769592389.6206877,-21.034012,48.145233,"-21.034012, 48.145233"
17:26:29.620,1769592389.6206877,-21.187708,47.852901,"-21.187708, 47.852901"
17:26:29.621,1769592389.6218355,-21.187708,47.852901,"-21.187708, 47.852901"
17:26:29.621,1769592389.6218355,-21.187708,47.852901,"-21.187708, 47.852901"
17:26:29.621,1769592389.6218355,-21.371834,47.587006,"-21.371834, 47.587006"
17:26:29.622,1769592389.6228337,-21.371834,47.587006,"-21.371834, 47.587006"
17:26:29.623,1769592389.6233447,-21.332664,47.377472,"-21.332664, 47.377472"
17:26:29.623,1769592389.6233447,-21.332664,47.377472,"-21.332664, 47.377472"
17:26:29.624,1769592389.6243496,-21.332664,47.377472,"-21.332664, 47.377472"
17:26:29.624,1769592389.6243496,-21.231144,47.519886,"-21.231144, 47.519886"
17:26:29.625,1769592389.625345,-21.231144,47.519886,"-21.231144, 47.519886"
17:26:29.625,1769592389.625345,-21.231144,47.519886,"-21.231144, 47.519886"
17:26:29.625,1769592389.625345,-20.855867,47.444038,"-20.855867, 47.444038"
17:26:29.625,1769592389.625345,-20.855867,47.444038,"-20.855867, 47.444038"
17:26:29.626,1769592389.6268492,-20.419498,47.560272,"-20.419498, 47.560272"
17:26:29.627,1769592389.6273658,-20.419498,47.560272,"-20.419498, 47.560272"
17:26:29.627,1769592389.6273658,-20.419498,47.560272,"-20.419498, 47.560272"
17:26:29.628,1769592389.6283922,-20.099716,47.528805,"-20.099716, 47.528805"
17:26:29.628,1769592389.6283922,-20.099716,47.528805,"-20.099716, 47.528805"
17:26:29.628,1769592389.6283922,-20.099716,47.528805,"-20.099716, 47.528805"
17:26:29.628,1769592389.6283922,-20.012087,47.633568,"-20.012087, 47.633568"
17:26:29.628,1769592389.6283922,-20.012087,47.633568,"-20.012087, 47.633568"
17:26:29.630,1769592389.6300993,-19.862471,47.563889,"-19.862471, 47.563889"
17:26:29.630,1769592389.6300993,-19.862471,47.563889,"-19.862471, 47.563889"
17:26:29.631,1769592389.6311042,-19.862471,47.563889,"-19.862471, 47.563889"
17:26:29.631,1769592389.6311042,-20.166979,47.341415,"-20.166979, 47.341415"
17:26:29.632,1769592389.6321683,-20.166979,47.341415,"-20.166979, 47.341415"
17:26:29.632,1769592389.6321683,-20.166979,47.341415,"-20.166979, 47.341415"
17:26:29.632,1769592389.6321683,-20.475367,47.14259,"-20.475367, 47.142590"
17:26:29.633,1769592389.6337166,-20.475367,47.14259,"-20.475367, 47.142590"
17:26:29.633,1769592389.6337166,-20.68379,47.174164,"-20.683790, 47.174164"
17:26:29.633,1769592389.6337166,-20.68379,47.174164,"-20.683790, 47.174164"
17:26:29.633,1769592389.6337166,-20.68379,47.174164,"-20.683790, 47.174164"
17:26:29.635,1769592389.6350827,-20.48753,47.024632,"-20.487530, 47.024632"
17:26:29.635,1769592389.6355872,-20.48753,47.024632,"-20.487530, 47.024632"
17:26:29.635,1769592389.6355872,-20.48753,47.024632,"-20.487530, 47.024632"
17:26:29.635,1769592389.6355872,-20.641117,47.205738,"-20.641117, 47.205738"
17:26:29.636,1769592389.6366005,-20.641117,47.205738,"-20.641117, 47.205738"
17:26:29.636,1769592389.6366005,-20.803371,47.35384,"-20.803371, 47.353840"
17:26:29.637,1769592389.6376052,-20.803371,47.35384,"-20.803371, 47.353840"
17:26:29.638,1769592389.6381204,-20.803371,47.35384,"-20.803371, 47.353840"
17:26:29.638,1769592389.6381204,-20.974579,47.553215,"-20.974579, 47.553215"
17:26:29.638,1769592389.6381204,-20.974579,47.553215,"-20.974579, 47.553215"
17:26:29.638,1769592389.6381204,-20.974579,47.553215,"-20.974579, 47.553215"
17:26:29.639,1769592389.6395507,-21.040894,47.607422,"-21.040894, 47.607422"
17:26:29.639,1769592389.6395507,-21.040894,47.607422,"-21.040894, 47.607422"
17:26:29.639,1769592389.6395507,-21.598326,47.952431,"-21.598326, 47.952431"
17:26:29.640,1769592389.640807,-21.598326,47.952431,"-21.598326, 47.952431"
17:26:29.640,1769592389.640807,-21.598326,47.952431,"-21.598326, 47.952431"
17:26:29.641,1769592389.6418076,-22.049179,47.891102,"-22.049179, 47.891102"
17:26:29.641,1769592389.6418076,-22.049179,47.891102,"-22.049179, 47.891102"
17:26:29.641,1769592389.6418076,-22.049179,47.891102,"-22.049179, 47.891102"
17:26:29.641,1769592389.6418076,-22.493786,48.179642,"-22.493786, 48.179642"
17:26:29.643,1769592389.6432827,-22.493786,48.179642,"-22.493786, 48.179642"
17:26:29.643,1769592389.6432827,-22.801165,48.392479,"-22.801165, 48.392479"
17:26:29.643,1769592389.6432827,-22.801165,48.392479,"-22.801165, 48.392479"
17:26:29.643,1769592389.6444612,-22.801165,48.392479,"-22.801165, 48.392479"
17:26:29.644,1769592389.6444612,-22.906797,48.703186,"-22.906797, 48.703186"
17:26:29.644,1769592389.6444612,-22.906797,48.703186,"-22.906797, 48.703186"
17:26:29.645,1769592389.645487,-22.906797,48.703186,"-22.906797, 48.703186"
17:26:29.645,1769592389.645487,-22.90731,48.889778,"-22.907310, 48.889778"
17:26:29.645,1769592389.645487,-22.90731,48.889778,"-22.907310, 48.889778"
17:26:29.646,1769592389.6465673,-22.651031,48.289009,"-22.651031, 48.289009"
17:26:29.646,1769592389.6465673,-22.651031,48.289009,"-22.651031, 48.289009"
17:26:29.646,1769592389.6465673,-22.651031,48.289009,"-22.651031, 48.289009"
17:26:29.646,1769592389.6465673,-22.360233,47.94891,"-22.360233, 47.948910"
17:26:29.648,1769592389.6481063,-22.360233,47.94891,"-22.360233, 47.948910"
17:26:29.649,1769592389.6492224,-22.360233,47.94891,"-22.360233, 47.948910"
17:26:29.649,1769592389.6492224,-22.212559,47.692711,"-22.212559, 47.692711"
17:26:29.649,1769592389.6497264,-22.212559,47.692711,"-22.212559, 47.692711"
17:26:29.649,1769592389.6497264,-21.72562,47.459538,"-21.725620, 47.459538"
17:26:29.650,1769592389.6507702,-21.72562,47.459538,"-21.725620, 47.459538"
17:26:29.650,1769592389.6507702,-21.72562,47.459538,"-21.725620, 47.459538"
17:26:29.650,1769592389.6507702,-21.468098,47.223053,"-21.468098, 47.223053"
17:26:29.651,1769592389.6518226,-21.468098,47.223053,"-21.468098, 47.223053"
17:26:29.651,1769592389.6518226,-21.468098,47.223053,"-21.468098, 47.223053"
17:26:29.651,1769592389.6518226,-20.829601,46.858154,"-20.829601, 46.858154"
17:26:29.651,1769592389.6518226,-20.829601,46.858154,"-20.829601, 46.858154"
17:26:29.653,1769592389.6533332,-20.424515,46.818001,"-20.424515, 46.818001"
17:26:29.653,1769592389.6533332,-20.424515,46.818001,"-20.424515, 46.818001"
17:26:29.653,1769592389.6533332,-20.424515,46.818001,"-20.424515, 46.818001"
17:26:29.654,1769592389.654657,-20.219635,46.716522,"-20.219635, 46.716522"
17:26:29.654,1769592389.654657,-20.219635,46.716522,"-20.219635, 46.716522"
17:26:29.655,1769592389.6551616,-20.219635,46.716522,"-20.219635, 46.716522"
17:26:29.655,1769592389.6551616,-20.019287,46.389259,"-20.019287, 46.389259"
17:26:29.655,1769592389.6551616,-20.019287,46.389259,"-20.019287, 46.389259"
17:26:29.656,1769592389.6564765,-20.339115,46.118679,"-20.339115, 46.118679"
17:26:29.656,1769592389.6564765,-20.339115,46.118679,"-20.339115, 46.118679"
17:26:29.656,1769592389.6564765,-20.339115,46.118679,"-20.339115, 46.118679"
17:26:29.657,1769592389.657701,-20.769577,45.749908,"-20.769577, 45.749908"
17:26:29.657,1769592389.657701,-20.769577,45.749908,"-20.769577, 45.749908"
17:26:29.658,1769592389.6587024,-20.769577,45.749908,"-20.769577, 45.749908"
17:26:29.658,1769592389.6587024,-21.480139,45.676994,"-21.480139, 45.676994"
17:26:29.658,1769592389.6587024,-21.480139,45.676994,"-21.480139, 45.676994"
17:26:29.659,1769592389.659702,-22.401562,45.655174,"-22.401562, 45.655174"
17:26:29.659,1769592389.659702,-22.401562,45.655174,"-22.401562, 45.655174"
17:26:29.659,1769592389.659702,-22.401562,45.655174,"-22.401562, 45.655174"
17:26:29.659,1769592389.6612952,-22.833447,45.802067,"-22.833447, 45.802067"
17:26:29.661,1769592389.6612952,-22.833447,45.802067,"-22.833447, 45.802067"
17:26:29.661,1769592389.6618814,-22.833447,45.802067,"-22.833447, 45.802067"
17:26:29.661,1769592389.6618814,-23.443369,46.119423,"-23.443369, 46.119423"
17:26:29.661,1769592389.6618814,-23.443369,46.119423,"-23.443369, 46.119423"
17:26:29.662,1769592389.6629217,-23.885239,46.417332,"-23.885239, 46.417332"
17:26:29.676,1769592389.6768153,-23.885239,46.417332,"-23.885239, 46.417332"
17:26:29.688,1769592389.6882846,-23.885239,46.417332,"-23.885239, 46.417332"
17:26:29.690,1769592389.6903315,-24.639782,46.570396,"-24.639782, 46.570396"
17:26:29.710,1769592389.7102544,-24.639782,46.570396,"-24.639782, 46.570396"
17:26:29.720,1769592389.7207413,-24.639782,46.570396,"-24.639782, 46.570396"
17:26:29.739,1769592389.7394528,-25.152668,46.866711,"-25.152668, 46.866711"
17:26:29.742,1769592389.742765,-25.152668,46.866711,"-25.152668, 46.866711"
17:26:29.758,1769592389.7581403,-25.476255,46.969505,"-25.476255, 46.969505"
17:26:29.772,1769592389.7724173,-25.476255,46.969505,"-25.476255, 46.969505"
17:26:29.785,1769592389.7855053,-25.476255,46.969505,"-25.476255, 46.969505"
17:26:29.789,1769592389.7890475,-25.568787,47.022217,"-25.568787, 47.022217"
17:26:29.813,1769592389.8133767,-25.568787,47.022217,"-25.568787, 47.022217"
17:26:29.815,1769592389.8159528,-25.568787,47.022217,"-25.568787, 47.022217"
17:26:29.832,1769592389.832219,-25.451494,47.117363,"-25.451494, 47.117363"
17:26:29.848,1769592389.8485658,-25.451494,47.117363,"-25.451494, 47.117363"
17:26:29.852,1769592389.8526452,-25.136162,47.160461,"-25.136162, 47.160461"
17:26:29.867,1769592389.8674717,-25.136162,47.160461,"-25.136162, 47.160461"
17:26:29.879,1769592389.879882,-25.136162,47.160461,"-25.136162, 47.160461"
17:26:29.884,1769592389.8842044,-24.758335,47.107277,"-24.758335, 47.107277"
17:26:29.901,1769592389.9019907,-24.758335,47.107277,"-24.758335, 47.107277"
17:26:29.917,1769592389.9177139,-24.758335,47.107277,"-24.758335, 47.107277"
17:26:29.921,1769592389.9216993,-24.720766,47.025578,"-24.720766, 47.025578"
17:26:29.969,1769592389.9699771,-24.720766,47.025578,"-24.720766, 47.025578"
17:26:29.974,1769592389.9749799,-24.318705,46.783287,"-24.318705, 46.783287"
17:26:29.977,1769592389.9774384,-24.318705,46.783287,"-24.318705, 46.783287"
17:26:29.982,1769592389.9821386,-24.318705,46.783287,"-24.318705, 46.783287"
17:26:29.983,1769592389.9835532,-23.597652,46.692917,"-23.597652, 46.692917"
17:26:29.988,1769592389.9881494,-23.597652,46.692917,"-23.597652, 46.692917"
17:26:30.013,1769592390.0133307,-23.597652,46.692917,"-23.597652, 46.692917"
17:26:30.029,1769592390.029486,-23.340178,46.907707,"-23.340178, 46.907707"
17:26:30.040,1769592390.0404966,-23.340178,46.907707,"-23.340178, 46.907707"
17:26:30.044,1769592390.0441763,-23.107628,47.20031,"-23.107628, 47.200310"
17:26:30.062,1769592390.0620205,-23.107628,47.20031,"-23.107628, 47.200310"
17:26:30.067,1769592390.0678513,-23.107628,47.20031,"-23.107628, 47.200310"
17:26:30.090,1769592390.090658,-23.058863,47.427002,"-23.058863, 47.427002"
17:26:30.095,1769592390.0955467,-23.058863,47.427002,"-23.058863, 47.427002"
17:26:30.109,1769592390.1095319,-23.058863,47.427002,"-23.058863, 47.427002"
17:26:30.113,1769592390.1130397,-22.96854,47.727409,"-22.968540, 47.727409"
17:26:30.134,1769592390.1347454,-22.96854,47.727409,"-22.968540, 47.727409"
17:26:30.141,1769592390.1417274,-23.069092,47.721725,"-23.069092, 47.721725"
17:26:30.150,1769592390.1507375,-23.069092,47.721725,"-23.069092, 47.721725"
17:26:30.159,1769592390.1594908,-23.069092,47.721725,"-23.069092, 47.721725"
17:26:30.184,1769592390.184774,-23.303785,47.616241,"-23.303785, 47.616241"
17:26:30.190,1769592390.1905608,-23.303785,47.616241,"-23.303785, 47.616241"
17:26:30.209,1769592390.2092774,-23.303785,47.616241,"-23.303785, 47.616241"
17:26:30.215,1769592390.215802,-23.355375,47.759415,"-23.355375, 47.759415"
17:26:30.228,1769592390.2281642,-23.355375,47.759415,"-23.355375, 47.759415"
17:26:30.229,1769592390.2296882,-23.185629,47.87682,"-23.185629, 47.876820"
17:26:30.251,1769592390.2514782,-23.185629,47.87682,"-23.185629, 47.876820"
17:26:30.267,1769592390.2675967,-23.185629,47.87682,"-23.185629, 47.876820"
17:26:30.279,1769592390.279646,-23.092512,47.676937,"-23.092512, 47.676937"
17:26:30.284,1769592390.2841976,-23.092512,47.676937,"-23.092512, 47.676937"
17:26:30.297,1769592390.2979019,-23.092512,47.676937,"-23.092512, 47.676937"
17:26:30.313,1769592390.31344,-22.873114,47.715214,"-22.873114, 47.715214"
17:26:30.316,1769592390.3164403,-22.873114,47.715214,"-22.873114, 47.715214"
17:26:30.324,1769592390.3245137,-23.027332,47.286789,"-23.027332, 47.286789"
17:26:30.342,1769592390.3426754,-23.027332,47.286789,"-23.027332, 47.286789"
17:26:30.370,1769592390.3706636,-23.027332,47.286789,"-23.027332, 47.286789"
17:26:30.374,1769592390.3742695,-22.65213,46.813438,"-22.652130, 46.813438"
17:26:30.381,1769592390.3819253,-22.65213,46.813438,"-22.652130, 46.813438"
17:26:30.394,1769592390.3945656,-22.65213,46.813438,"-22.652130, 46.813438"
17:26:30.409,1769592390.4108675,-22.591377,46.666813,"-22.591377, 46.666813"
17:26:30.414,1769592390.4144914,-22.591377,46.666813,"-22.591377, 46.666813"
17:26:30.426,1769592390.426554,-22.579651,46.611553,"-22.579651, 46.611553"
17:26:30.445,1769592390.4451747,-22.579651,46.611553,"-22.579651, 46.611553"
17:26:30.449,1769592390.4497721,-22.579651,46.611553,"-22.579651, 46.611553"
17:26:30.465,1769592390.4674435,-22.755016,46.946999,"-22.755016, 46.946999"
17:26:30.486,1769592390.4867558,-22.755016,46.946999,"-22.755016, 46.946999"
17:26:30.489,1769592390.4892735,-22.755016,46.946999,"-22.755016, 46.946999"
17:26:30.491,1769592390.4917793,-22.533253,47.275459,"-22.533253, 47.275459"
17:26:30.515,1769592390.5159075,-22.533253,47.275459,"-22.533253, 47.275459"
17:26:30.519,1769592390.5199003,-22.484953,47.387604,"-22.484953, 47.387604"
17:26:30.549,1769592390.5493999,-22.484953,47.387604,"-22.484953, 47.387604"
17:26:30.551,1769592390.551167,-22.484953,47.387604,"-22.484953, 47.387604"
17:26:30.569,1769592390.569609,-22.535088,47.283409,"-22.535088, 47.283409"
17:26:30.576,1769592390.5767229,-22.535088,47.283409,"-22.535088, 47.283409"
17:26:30.596,1769592390.5964718,-22.535088,47.283409,"-22.535088, 47.283409"
17:26:30.601,1769592390.6017134,-22.544186,47.315941,"-22.544186, 47.315941"
17:26:30.605,1769592390.605749,-22.544186,47.315941,"-22.544186, 47.315941"
17:26:30.623,1769592390.6239417,-22.43718,47.30875,"-22.437180, 47.308750"
17:26:30.626,1769592390.6269655,-22.43718,47.30875,"-22.437180, 47.308750"
17:26:30.642,1769592390.642676,-22.43718,47.30875,"-22.437180, 47.308750"
17:26:30.659,1769592390.6592443,-22.739536,47.370686,"-22.739536, 47.370686"
17:26:30.667,1769592390.6673083,-22.739536,47.370686,"-22.739536, 47.370686"
17:26:30.695,1769592390.6951907,-22.739536,47.370686,"-22.739536, 47.370686"
17:26:30.697,1769592390.6977408,-22.932369,47.294289,"-22.932369, 47.294289"
17:26:30.704,1769592390.7057798,-22.932369,47.294289,"-22.932369, 47.294289"
17:26:30.724,1769592390.724023,-23.486217,47.119282,"-23.486217, 47.119282"
17:26:30.726,1769592390.7265284,-23.486217,47.119282,"-23.486217, 47.119282"
17:26:30.757,1769592390.757999,-23.486217,47.119282,"-23.486217, 47.119282"
17:26:30.759,1769592390.75952,-23.713121,46.753075,"-23.713121, 46.753075"
17:26:30.763,1769592390.76327,-23.713121,46.753075,"-23.713121, 46.753075"
17:26:30.778,1769592390.7783198,-23.713121,46.753075,"-23.713121, 46.753075"
17:26:30.789,1769592390.789349,-24.04492,46.494877,"-24.044920, 46.494877"
17:26:30.792,1769592390.7929935,-24.04492,46.494877,"-24.044920, 46.494877"
17:26:30.824,1769592390.824687,-23.991516,46.444763,"-23.991516, 46.444763"
17:26:30.826,1769592390.8266828,-23.991516,46.444763,"-23.991516, 46.444763"
17:26:30.838,1769592390.8389435,-23.991516,46.444763,"-23.991516, 46.444763"
17:26:30.851,1769592390.8516865,-24.232864,46.439056,"-24.232864, 46.439056"
17:26:30.855,1769592390.8557339,-24.232864,46.439056,"-24.232864, 46.439056"
17:26:30.878,1769592390.8783045,-24.232864,46.439056,"-24.232864, 46.439056"
17:26:30.882,1769592390.8825564,-23.847025,46.308064,"-23.847025, 46.308064"
17:26:30.894,1769592390.8940935,-23.847025,46.308064,"-23.847025, 46.308064"
17:26:30.912,1769592390.9121394,-24.199213,46.295712,"-24.199213, 46.295712"
17:26:30.923,1769592390.923061,-24.199213,46.295712,"-24.199213, 46.295712"
17:26:30.938,1769592390.9381733,-24.199213,46.295712,"-24.199213, 46.295712"
17:26:30.942,1769592390.942808,-24.442408,46.227577,"-24.442408, 46.227577"
17:26:30.958,1769592390.9582348,-24.442408,46.227577,"-24.442408, 46.227577"
17:26:30.971,1769592390.971883,-24.442408,46.227577,"-24.442408, 46.227577"
17:26:30.989,1769592390.989436,-24.49461,45.757679,"-24.494610, 45.757679"
17:26:30.991,1769592390.9919558,-24.49461,45.757679,"-24.494610, 45.757679"
17:26:31.009,1769592391.0099897,-24.561262,45.196922,"-24.561262, 45.196922"
17:26:31.014,1769592391.0141208,-24.561262,45.196922,"-24.561262, 45.196922"
17:26:31.033,1769592391.033207,-24.561262,45.196922,"-24.561262, 45.196922"
17:26:31.039,1769592391.0393732,-24.282888,44.588737,"-24.282888, 44.588737"
17:26:31.054,1769592391.0548909,-24.282888,44.588737,"-24.282888, 44.588737"
17:26:31.063,1769592391.0633035,-24.282888,44.588737,"-24.282888, 44.588737"
17:26:31.090,1769592391.090669,-24.238705,44.447044,"-24.238705, 44.447044"
17:26:31.095,1769592391.095571,-24.238705,44.447044,"-24.238705, 44.447044"
17:26:31.098,1769592391.0986226,-24.071562,44.419437,"-24.071562, 44.419437"
17:26:31.114,1769592391.1141891,-24.071562,44.419437,"-24.071562, 44.419437"
17:26:31.135,1769592391.1355276,-24.071562,44.419437,"-24.071562, 44.419437"
17:26:31.141,1769592391.1417274,-24.408194,44.325523,"-24.408194, 44.325523"
17:26:31.151,1769592391.1516113,-24.408194,44.325523,"-24.408194, 44.325523"
17:26:31.159,1769592391.1594088,-24.408194,44.325523,"-24.408194, 44.325523"
17:26:31.175,1769592391.1750603,-24.843887,44.281395,"-24.843887, 44.281395"
17:26:31.188,1769592391.1889536,-24.843887,44.281395,"-24.843887, 44.281395"
17:26:31.192,1769592391.1929746,-24.99737,43.857224,"-24.997370, 43.857224"
17:26:31.246,1769592391.2462816,-24.99737,43.857224,"-24.997370, 43.857224"
17:26:31.248,1769592391.2484062,-24.99737,43.857224,"-24.997370, 43.857224"
17:26:31.263,1769592391.2632587,-24.759373,43.495152,"-24.759373, 43.495152"
17:26:31.285,1769592391.2856028,-24.759373,43.495152,"-24.759373, 43.495152"
17:26:31.290,1769592391.2906814,-24.759373,43.495152,"-24.759373, 43.495152"
17:26:31.304,1769592391.3043203,-24.30479,43.222939,"-24.304790, 43.222939"
17:26:31.306,1769592391.3066256,-24.30479,43.222939,"-24.304790, 43.222939"
17:26:31.311,1769592391.3117492,-23.952614,43.160698,"-23.952614, 43.160698"
17:26:31.327,1769592391.3272402,-23.952614,43.160698,"-23.952614, 43.160698"
17:26:31.329,1769592391.3295805,-23.952614,43.160698,"-23.952614, 43.160698"
17:26:31.332,1769592391.3323276,-23.986778,43.240211,"-23.986778, 43.240211"
17:26:31.356,1769592391.3569775,-23.986778,43.240211,"-23.986778, 43.240211"
17:26:31.359,1769592391.35948,-23.986778,43.240211,"-23.986778, 43.240211"
17:26:31.362,1769592391.3620405,-23.835625,43.073353,"-23.835625, 43.073353"
17:26:31.379,1769592391.3797753,-23.835625,43.073353,"-23.835625, 43.073353"
17:26:31.383,1769592391.383991,-23.393951,42.548878,"-23.393951, 42.548878"
17:26:31.403,1769592391.4033647,-23.393951,42.548878,"-23.393951, 42.548878"
17:26:31.420,1769592391.4209316,-23.393951,42.548878,"-23.393951, 42.548878"
17:26:31.424,1769592391.424226,-22.777466,42.059231,"-22.777466, 42.059231"
17:26:31.439,1769592391.4401355,-22.777466,42.059231,"-22.777466, 42.059231"
17:26:31.453,1769592391.4530933,-22.777466,42.059231,"-22.777466, 42.059231"
17:26:31.456,1769592391.4562175,-22.229843,41.560127,"-22.229843, 41.560127"
17:26:31.474,1769592391.474538,-22.229843,41.560127,"-22.229843, 41.560127"
17:26:31.488,1769592391.4883027,-22.019424,41.547188,"-22.019424, 41.547188"
17:26:31.491,1769592391.4916577,-22.019424,41.547188,"-22.019424, 41.547188"
17:26:31.511,1769592391.5121133,-22.019424,41.547188,"-22.019424, 41.547188"
17:26:31.524,1769592391.5258665,-21.456654,41.360371,"-21.456654, 41.360371"
17:26:31.527,1769592391.527371,-21.456654,41.360371,"-21.456654, 41.360371"
17:26:31.549,1769592391.5490768,-21.456654,41.360371,"-21.456654, 41.360371"
17:26:31.558,1769592391.5581865,-21.277861,41.298912,"-21.277861, 41.298912"
17:26:31.574,1769592391.574227,-21.277861,41.298912,"-21.277861, 41.298912"
17:26:31.576,1769592391.5769384,-21.553291,41.436165,"-21.553291, 41.436165"
17:26:31.591,1769592391.591861,-21.553291,41.436165,"-21.553291, 41.436165"
17:26:31.617,1769592391.6177902,-21.553291,41.436165,"-21.553291, 41.436165"
17:26:31.621,1769592391.6215582,-21.183189,41.169762,"-21.183189, 41.169762"
17:26:31.625,1769592391.6250699,-21.183189,41.169762,"-21.183189, 41.169762"
17:26:31.650,1769592391.6507623,-21.183189,41.169762,"-21.183189, 41.169762"
17:26:31.651,1769592391.6517985,-20.708214,40.675644,"-20.708214, 40.675644"
17:26:31.674,1769592391.6744547,-20.708214,40.675644,"-20.708214, 40.675644"
17:26:31.678,1769592391.6781516,-20.236231,40.310341,"-20.236231, 40.310341"
17:26:31.689,1769592391.6909106,-20.236231,40.310341,"-20.236231, 40.310341"
17:26:31.694,1769592391.694179,-20.236231,40.310341,"-20.236231, 40.310341"
17:26:31.721,1769592391.7212822,-20.011669,40.428635,"-20.011669, 40.428635"
17:26:31.726,1769592391.7268212,-20.011669,40.428635,"-20.011669, 40.428635"
17:26:31.740,1769592391.7400184,-20.011669,40.428635,"-20.011669, 40.428635"
17:26:31.756,1769592391.7563615,-19.896847,40.330399,"-19.896847, 40.330399"
17:26:31.759,1769592391.7593963,-19.896847,40.330399,"-19.896847, 40.330399"
17:26:31.777,1769592391.777478,-19.848869,40.080082,"-19.848869, 40.080082"
17:26:31.787,1769592391.7871032,-19.848869,40.080082,"-19.848869, 40.080082"
17:26:31.806,1769592391.8071475,-19.848869,40.080082,"-19.848869, 40.080082"
17:26:31.815,1769592391.815805,-19.425728,39.682114,"-19.425728, 39.682114"
17:26:31.819,1769592391.8194842,-19.425728,39.682114,"-19.425728, 39.682114"
17:26:31.832,1769592391.832281,-19.425728,39.682114,"-19.425728, 39.682114"
17:26:31.846,1769592391.8466165,-19.095985,39.163094,"-19.095985, 39.163094"
17:26:31.864,1769592391.86415,-19.095985,39.163094,"-19.095985, 39.163094"
17:26:31.868,1769592391.8685365,-18.832687,38.767105,"-18.832687, 38.767105"
17:26:31.880,1769592391.8808901,-18.832687,38.767105,"-18.832687, 38.767105"
17:26:31.909,1769592391.9097002,-18.832687,38.767105,"-18.832687, 38.767105"
17:26:31.919,1769592391.9199805,-18.628185,38.66391,"-18.628185, 38.663910"
17:26:31.921,1769592391.9220905,-18.628185,38.66391,"-18.628185, 38.663910"
17:26:31.928,1769592391.9280443,-18.628185,38.66391,"-18.628185, 38.663910"
17:26:31.942,1769592391.942848,-18.6985,38.671104,"-18.698500, 38.671104"
17:26:31.954,1769592391.9542303,-18.6985,38.671104,"-18.698500, 38.671104"
17:26:31.963,1769592391.963251,-18.637356,38.756195,"-18.637356, 38.756195"
17:26:31.977,1769592391.9775653,-18.637356,38.756195,"-18.637356, 38.756195"
17:26:31.993,1769592391.9931216,-18.637356,38.756195,"-18.637356, 38.756195"
17:26:32.002,1769592392.0036838,-19.100475,38.359421,"-19.100475, 38.359421"
17:26:32.015,1769592392.0155082,-19.100475,38.359421,"-19.100475, 38.359421"
17:26:32.026,1769592392.0267842,-19.100475,38.359421,"-19.100475, 38.359421"
17:26:32.035,1769592392.035509,-18.839016,37.50565,"-18.839016, 37.505650"
17:26:32.047,1769592392.047731,-18.839016,37.50565,"-18.839016, 37.505650"
17:26:32.058,1769592392.0586586,-18.926716,36.428482,"-18.926716, 36.428482"
17:26:32.074,1769592392.0762615,-18.926716,36.428482,"-18.926716, 36.428482"
17:26:32.087,1769592392.0879414,-18.926716,36.428482,"-18.926716, 36.428482"
17:26:32.095,1769592392.0954602,-18.790367,35.52639,"-18.790367, 35.526390"
17:26:32.114,1769592392.1146176,-18.790367,35.52639,"-18.790367, 35.526390"
17:26:32.122,1769592392.122851,-18.790367,35.52639,"-18.790367, 35.526390"
17:26:32.133,1769592392.133826,-18.731176,34.945847,"-18.731176, 34.945847"
17:26:32.151,1769592392.1511908,-18.731176,34.945847,"-18.731176, 34.945847"
17:26:32.157,1769592392.1578555,-18.806862,33.86924,"-18.806862, 33.869240"
17:26:32.172,1769592392.1724548,-18.806862,33.86924,"-18.806862, 33.869240"
17:26:32.189,1769592392.1892872,-18.806862,33.86924,"-18.806862, 33.869240"
17:26:32.191,1769592392.1918147,-19.161053,32.670662,"-19.161053, 32.670662"
17:26:32.211,1769592392.2110636,-19.161053,32.670662,"-19.161053, 32.670662"
17:26:32.214,1769592392.2142222,-19.161053,32.670662,"-19.161053, 32.670662"
17:26:32.226,1769592392.2268395,-19.256601,31.310076,"-19.256601, 31.310076"
17:26:32.247,1769592392.2470362,-19.256601,31.310076,"-19.256601, 31.310076"
17:26:32.250,1769592392.2506216,-19.579063,29.868774,"-19.579063, 29.868774"
17:26:32.265,1769592392.265493,-19.579063,29.868774,"-19.579063, 29.868774"
17:26:32.279,1769592392.2792199,-19.579063,29.868774,"-19.579063, 29.868774"
17:26:32.290,1769592392.290085,-19.599163,28.231007,"-19.599163, 28.231007"
17:26:32.292,1769592392.292641,-19.599163,28.231007,"-19.599163, 28.231007"
17:26:32.317,1769592392.31749,-19.599163,28.231007,"-19.599163, 28.231007"
17:26:32.321,1769592392.3215096,-19.405602,26.790638,"-19.405602, 26.790638"
17:26:32.340,1769592392.3402271,-19.405602,26.790638,"-19.405602, 26.790638"
17:26:32.352,1769592392.3520162,-19.49086,25.689356,"-19.490860, 25.689356"
17:26:32.356,1769592392.3561513,-19.49086,25.689356,"-19.490860, 25.689356"
17:26:32.375,1769592392.3757548,-19.49086,25.689356,"-19.490860, 25.689356"
17:26:32.387,1769592392.3879704,-19.850424,24.719128,"-19.850424, 24.719128"
17:26:32.391,1769592392.3914826,-19.850424,24.719128,"-19.850424, 24.719128"
17:26:32.410,1769592392.4108002,-19.850424,24.719128,"-19.850424, 24.719128"
17:26:32.426,1769592392.4272141,-20.127438,23.906429,"-20.127438, 23.906429"
17:26:32.429,1769592392.429249,-20.127438,23.906429,"-20.127438, 23.906429"
17:26:32.448,1769592392.448257,-20.419592,23.155544,"-20.419592, 23.155544"
17:26:32.459,1769592392.4596095,-20.419592,23.155544,"-20.419592, 23.155544"
17:26:32.464,1769592392.4641683,-20.419592,23.155544,"-20.419592, 23.155544"
17:26:32.482,1769592392.4820092,-20.393826,22.242126,"-20.393826, 22.242126"
17:26:32.497,1769592392.4976995,-20.393826,22.242126,"-20.393826, 22.242126"
17:26:32.504,1769592392.5044422,-20.393826,22.242126,"-20.393826, 22.242126"
17:26:32.516,1769592392.516491,-20.385925,21.777962,"-20.385925, 21.777962"
17:26:32.536,1769592392.5364313,-20.385925,21.777962,"-20.385925, 21.777962"
17:26:32.540,1769592392.5406027,-20.266594,21.53153,"-20.266594, 21.531530"
17:26:32.551,1769592392.5515082,-20.266594,21.53153,"-20.266594, 21.531530"
17:26:32.563,1769592392.5632586,-20.266594,21.53153,"-20.266594, 21.531530"
17:26:32.577,1769592392.5779335,-19.77994,20.824654,"-19.779940, 20.824654"
17:26:32.595,1769592392.595182,-19.77994,20.824654,"-19.779940, 20.824654"
17:26:32.599,1769592392.599445,-19.77994,20.824654,"-19.779940, 20.824654"
17:26:32.615,1769592392.6157756,-19.234043,19.647812,"-19.234043, 19.647812"
17:26:32.620,1769592392.6203928,-19.234043,19.647812,"-19.234043, 19.647812"
17:26:32.634,1769592392.6340158,-19.509243,18.204897,"-19.509243, 18.204897"
17:26:32.649,1769592392.6497045,-19.509243,18.204897,"-19.509243, 18.204897"
17:26:32.660,1769592392.66084,-19.509243,18.204897,"-19.509243, 18.204897"
17:26:32.678,1769592392.6785555,-19.318127,16.81749,"-19.318127, 16.817490"
17:26:32.696,1769592392.6972203,-19.318127,16.81749,"-19.318127, 16.817490"
17:26:32.701,1769592392.7018998,-19.318127,16.81749,"-19.318127, 16.817490"
17:26:32.706,1769592392.7069287,-18.35177,15.541569,"-18.351770, 15.541569"
17:26:32.722,1769592392.7228532,-18.35177,15.541569,"-18.351770, 15.541569"
17:26:32.729,1769592392.729502,-17.69206,15.303072,"-17.692060, 15.303072"
17:26:32.750,1769592392.750485,-17.69206,15.303072,"-17.692060, 15.303072"
17:26:32.754,1769592392.7543998,-17.69206,15.303072,"-17.692060, 15.303072"
17:26:32.762,1769592392.7626188,-16.960901,14.639389,"-16.960901, 14.639389"
17:26:32.784,1769592392.7845426,-16.960901,14.639389,"-16.960901, 14.639389"
17:26:32.794,1769592392.7948513,-16.960901,14.639389,"-16.960901, 14.639389"
17:26:32.807,1769592392.8077712,-16.000412,14.065067,"-16.000412, 14.065067"
17:26:32.820,1769592392.8206391,-16.000412,14.065067,"-16.000412, 14.065067"
17:26:32.823,1769592392.8237593,-15.638378,13.653358,"-15.638378, 13.653358"
17:26:32.841,1769592392.841946,-15.638378,13.653358,"-15.638378, 13.653358"
17:26:32.855,1769592392.8551493,-15.638378,13.653358,"-15.638378, 13.653358"
17:26:32.858,1769592392.8581657,-15.593842,13.33314,"-15.593842, 13.333140"
17:26:32.877,1769592392.8775146,-15.593842,13.33314,"-15.593842, 13.333140"
17:26:32.890,1769592392.8909845,-15.593842,13.33314,"-15.593842, 13.333140"
17:26:32.894,1769592392.8945045,-15.35055,12.623743,"-15.350550, 12.623743"
17:26:32.915,1769592392.915971,-15.35055,12.623743,"-15.350550, 12.623743"
17:26:32.919,1769592392.9195335,-14.94264,11.880329,"-14.942640, 11.880329"
17:26:32.941,1769592392.9415758,-14.94264,11.880329,"-14.942640, 11.880329"
17:26:32.952,1769592392.9520288,-14.94264,11.880329,"-14.942640, 11.880329"
17:26:32.969,1769592392.9694357,-14.12985,12.149633,"-14.129850, 12.149633"
17:26:32.972,1769592392.9729922,-14.12985,12.149633,"-14.129850, 12.149633"
17:26:32.985,1769592392.9855328,-14.12985,12.149633,"-14.129850, 12.149633"
17:26:32.998,1769592392.998184,-13.703789,12.465385,"-13.703789, 12.465385"
17:26:33.014,1769592393.014254,-13.703789,12.465385,"-13.703789, 12.465385"
17:26:33.018,1769592393.0184836,-13.130107,13.170316,"-13.130107, 13.170316"
17:26:33.034,1769592393.0345247,-13.130107,13.170316,"-13.130107, 13.170316"
17:26:33.049,1769592393.0491223,-13.130107,13.170316,"-13.130107, 13.170316"
17:26:33.052,1769592393.0523944,-13.090485,13.976372,"-13.090485, 13.976372"
17:26:33.061,1769592393.0617435,-13.090485,13.976372,"-13.090485, 13.976372"
17:26:33.082,1769592393.0824015,-13.090485,13.976372,"-13.090485, 13.976372"
17:26:33.095,1769592393.0951846,-12.836063,14.591738,"-12.836063, 14.591738"
17:26:33.098,1769592393.0982525,-12.836063,14.591738,"-12.836063, 14.591738"
17:26:33.123,1769592393.1232617,-12.097616,15.498962,"-12.097616, 15.498962"
17:26:33.125,1769592393.1252701,-12.097616,15.498962,"-12.097616, 15.498962"
17:26:33.141,1769592393.1415315,-12.097616,15.498962,"-12.097616, 15.498962"
17:26:33.153,1769592393.1533544,-10.98538,15.964792,"-10.985380, 15.964792"
17:26:33.166,1769592393.166051,-10.98538,15.964792,"-10.985380, 15.964792"
17:26:33.184,1769592393.1844647,-10.98538,15.964792,"-10.985380, 15.964792"
17:26:33.186,1769592393.1866179,-10.197188,17.081871,"-10.197188, 17.081871"
17:26:33.202,1769592393.2022233,-10.197188,17.081871,"-10.197188, 17.081871"
17:26:33.215,1769592393.215668,-10.02669,18.326611,"-10.026690, 18.326611"
17:26:33.220,1769592393.2207596,-10.02669,18.326611,"-10.026690, 18.326611"
17:26:33.228,1769592393.2283,-10.02669,18.326611,"-10.026690, 18.326611"
17:26:33.251,1769592393.2514067,-10.038319,19.808872,"-10.038319, 19.808872"
17:26:33.267,1769592393.2677088,-10.038319,19.808872,"-10.038319, 19.808872"
17:26:33.272,1769592393.2720292,-10.038319,19.808872,"-10.038319, 19.808872"
17:26:33.288,1769592393.2881618,-9.922284,21.153172,"-9.922284, 21.153172"
17:26:33.291,1769592393.291644,-9.922284,21.153172,"-9.922284, 21.153172"
17:26:33.314,1769592393.3145149,-9.919175,22.14756,"-9.919175, 22.147560"
17:26:33.323,1769592393.3230288,-9.919175,22.14756,"-9.919175, 22.147560"
17:26:33.334,1769592393.3341463,-9.919175,22.14756,"-9.919175, 22.147560"
17:26:33.350,1769592393.3507252,-9.937437,23.404741,"-9.937437, 23.404741"
17:26:33.354,1769592393.3544495,-9.937437,23.404741,"-9.937437, 23.404741"
17:26:33.365,1769592393.3657286,-9.937437,23.404741,"-9.937437, 23.404741"
17:26:33.385,1769592393.3856266,-9.594086,24.880272,"-9.594086, 24.880272"
17:26:33.388,1769592393.3883758,-9.594086,24.880272,"-9.594086, 24.880272"
17:26:33.409,1769592393.4093218,-9.344234,25.920803,"-9.344234, 25.920803"
17:26:33.420,1769592393.4205008,-9.344234,25.920803,"-9.344234, 25.920803"
17:26:33.431,1769592393.4319525,-9.344234,25.920803,"-9.344234, 25.920803"
17:26:33.439,1769592393.4390054,-9.195734,26.187063,"-9.195734, 26.187063"
17:26:33.458,1769592393.4586604,-9.195734,26.187063,"-9.195734, 26.187063"
17:26:33.462,1769592393.4633446,-9.195734,26.187063,"-9.195734, 26.187063"
17:26:33.477,1769592393.4783797,-9.281507,26.672544,"-9.281507, 26.672544"
17:26:33.495,1769592393.4954796,-9.281507,26.672544,"-9.281507, 26.672544"
17:26:33.499,1769592393.4995704,-8.895565,26.502232,"-8.895565, 26.502232"
17:26:33.511,1769592393.511922,-8.895565,26.502232,"-8.895565, 26.502232"
17:26:33.523,1769592393.5231042,-8.895565,26.502232,"-8.895565, 26.502232"
17:26:33.538,1769592393.5389235,-8.614523,26.302677,"-8.614523, 26.302677"
17:26:33.541,1769592393.5419238,-8.614523,26.302677,"-8.614523, 26.302677"
17:26:33.565,1769592393.5654724,-8.614523,26.302677,"-8.614523, 26.302677"
17:26:33.569,1769592393.569384,-8.948921,26.338161,"-8.948921, 26.338161"
17:26:33.573,1769592393.573046,-8.948921,26.338161,"-8.948921, 26.338161"
17:26:33.599,1769592393.6007695,-8.914694,25.815773,"-8.914694, 25.815773"
17:26:33.604,1769592393.604356,-8.914694,25.815773,"-8.914694, 25.815773"
17:26:33.619,1769592393.619911,-8.914694,25.815773,"-8.914694, 25.815773"
17:26:33.636,1769592393.6368554,-9.376916,25.771078,"-9.376916, 25.771078"
17:26:33.640,1769592393.640613,-9.376916,25.771078,"-9.376916, 25.771078"
17:26:33.659,1769592393.6592731,-9.376916,25.771078,"-9.376916, 25.771078"
17:26:33.677,1769592393.6771028,-9.928423,25.535353,"-9.928423, 25.535353"
17:26:33.679,1769592393.6791196,-9.928423,25.535353,"-9.928423, 25.535353"
17:26:33.693,1769592393.693509,-9.985931,25.105915,"-9.985931, 25.105915"
17:26:33.709,1769592393.7093291,-9.985931,25.105915,"-9.985931, 25.105915"
17:26:33.721,1769592393.7211277,-9.985931,25.105915,"-9.985931, 25.105915"
17:26:33.727,1769592393.7273216,-10.680073,24.822666,"-10.680073, 24.822666"
17:26:33.744,1769592393.7443771,-10.680073,24.822666,"-10.680073, 24.822666"
17:26:33.747,1769592393.7479694,-10.680073,24.822666,"-10.680073, 24.822666"
17:26:33.770,1769592393.7704897,-11.148764,25.061691,"-11.148764, 25.061691"
17:26:33.774,1769592393.7740655,-11.148764,25.061691,"-11.148764, 25.061691"
17:26:33.788,1769592393.7882411,-11.525972,25.368565,"-11.525972, 25.368565"
17:26:33.803,1769592393.803495,-11.525972,25.368565,"-11.525972, 25.368565"
17:26:33.814,1769592393.814902,-11.525972,25.368565,"-11.525972, 25.368565"
17:26:33.821,1769592393.8215978,-11.669621,25.517651,"-11.669621, 25.517651"
17:26:33.836,1769592393.8363566,-11.669621,25.517651,"-11.669621, 25.517651"
17:26:33.853,1769592393.853316,-11.669621,25.517651,"-11.669621, 25.517651"
17:26:33.862,1769592393.8629568,-12.457855,25.907917,"-12.457855, 25.907917"
17:26:33.875,1769592393.8755636,-12.457855,25.907917,"-12.457855, 25.907917"
17:26:33.882,1769592393.882874,-13.657722,26.088585,"-13.657722, 26.088585"
17:26:33.898,1769592393.898569,-13.657722,26.088585,"-13.657722, 26.088585"
17:26:33.909,1769592393.909556,-13.657722,26.088585,"-13.657722, 26.088585"
17:26:33.927,1769592393.9278977,-13.924284,25.936287,"-13.924284, 25.936287"
17:26:33.932,1769592393.9325354,-13.924284,25.936287,"-13.924284, 25.936287"
17:26:33.943,1769592393.9432395,-13.924284,25.936287,"-13.924284, 25.936287"
17:26:33.960,1769592393.9608557,-14.121981,25.675938,"-14.121981, 25.675938"
17:26:33.972,1769592393.9720435,-14.121981,25.675938,"-14.121981, 25.675938"
17:26:33.975,1769592393.975633,-14.488294,25.727448,"-14.488294, 25.727448"
17:26:33.996,1769592393.9963205,-14.488294,25.727448,"-14.488294, 25.727448"
17:26:34.008,1769592394.008164,-14.488294,25.727448,"-14.488294, 25.727448"
17:26:34.011,1769592394.0117857,-14.844482,25.588821,"-14.844482, 25.588821"
17:26:34.032,1769592394.0333972,-14.844482,25.588821,"-14.844482, 25.588821"
17:26:34.041,1769592394.041998,-14.844482,25.588821,"-14.844482, 25.588821"
17:26:34.054,1769592394.054775,-15.052566,25.458832,"-15.052566, 25.458832"
17:26:34.079,1769592394.0792408,-15.052566,25.458832,"-15.052566, 25.458832"
17:26:34.082,1769592394.0823436,-15.263479,25.25098,"-15.263479, 25.250980"
17:26:34.084,1769592394.084153,-15.263479,25.25098,"-15.263479, 25.250980"
17:26:34.104,1769592394.104394,-15.263479,25.25098,"-15.263479, 25.250980"
17:26:34.108,1769592394.1081333,-15.349138,24.638329,"-15.349138, 24.638329"
17:26:34.124,1769592394.1244836,-15.349138,24.638329,"-15.349138, 24.638329"
17:26:34.142,1769592394.1428976,-15.349138,24.638329,"-15.349138, 24.638329"
17:26:34.145,1769592394.145492,-15.135735,24.038105,"-15.135735, 24.038105"
17:26:34.161,1769592394.1617277,-15.135735,24.038105,"-15.135735, 24.038105"
17:26:34.177,1769592394.1770954,-14.9466,24.139116,"-14.946600, 24.139116"
17:26:34.179,1769592394.1796546,-14.9466,24.139116,"-14.946600, 24.139116"
17:26:34.198,1769592394.1980553,-14.9466,24.139116,"-14.946600, 24.139116"
17:26:34.224,1769592394.2246876,-15.111231,24.473541,"-15.111231, 24.473541"
17:26:34.226,1769592394.2266948,-15.111231,24.473541,"-15.111231, 24.473541"
17:26:34.230,1769592394.2302685,-15.111231,24.473541,"-15.111231, 24.473541"
17:26:34.249,1769592394.249008,-15.061721,24.674627,"-15.061721, 24.674627"
17:26:34.251,1769592394.2515204,-15.061721,24.674627,"-15.061721, 24.674627"
17:26:34.270,1769592394.2705495,-14.838226,24.990007,"-14.838226, 24.990007"
17:26:34.286,1769592394.2864149,-14.838226,24.990007,"-14.838226, 24.990007"
17:26:34.290,1769592394.2909358,-14.838226,24.990007,"-14.838226, 24.990007"
17:26:34.306,1769592394.3063138,-14.734318,25.131351,"-14.734318, 25.131351"
17:26:34.319,1769592394.3198771,-14.734318,25.131351,"-14.734318, 25.131351"
17:26:34.322,1769592394.3228824,-14.734318,25.131351,"-14.734318, 25.131351"
17:26:34.344,1769592394.3440876,-14.140547,24.731703,"-14.140547, 24.731703"
17:26:34.348,1769592394.348167,-14.140547,24.731703,"-14.140547, 24.731703"
17:26:34.364,1769592394.3642533,-13.374851,23.94466,"-13.374851, 23.944660"
17:26:34.376,1769592394.3767154,-13.374851,23.94466,"-13.374851, 23.944660"
17:26:34.388,1769592394.3889346,-13.374851,23.94466,"-13.374851, 23.944660"
17:26:34.401,1769592394.4018385,-12.361031,23.249317,"-12.361031, 23.249317"
17:26:34.414,1769592394.414248,-12.361031,23.249317,"-12.361031, 23.249317"
17:26:34.415,1769592394.415739,-12.361031,23.249317,"-12.361031, 23.249317"
17:26:34.439,1769592394.439217,-11.696539,22.6199,"-11.696539, 22.619900"
17:26:34.451,1769592394.4516084,-11.696539,22.6199,"-11.696539, 22.619900"
17:26:34.454,1769592394.4541638,-10.884395,22.065544,"-10.884395, 22.065544"
17:26:34.472,1769592394.4728603,-10.884395,22.065544,"-10.884395, 22.065544"
17:26:34.485,1769592394.4857044,-10.884395,22.065544,"-10.884395, 22.065544"
17:26:34.499,1769592394.4991388,-10.036694,21.236013,"-10.036694, 21.236013"
17:26:34.510,1769592394.5108302,-10.036694,21.236013,"-10.036694, 21.236013"
17:26:34.521,1769592394.5216377,-10.036694,21.236013,"-10.036694, 21.236013"
17:26:34.538,1769592394.5395994,-9.144002,19.92577,"-9.144002, 19.925770"
17:26:34.542,1769592394.5426593,-9.144002,19.92577,"-9.144002, 19.925770"
17:26:34.555,1769592394.55526,-8.229971,18.020582,"-8.229971, 18.020582"
17:26:34.571,1769592394.5715787,-8.229971,18.020582,"-8.229971, 18.020582"
17:26:34.586,1769592394.586397,-8.229971,18.020582,"-8.229971, 18.020582"
17:26:34.594,1769592394.5944571,-7.788202,17.301804,"-7.788202, 17.301804"
17:26:34.615,1769592394.616025,-7.788202,17.301804,"-7.788202, 17.301804"
17:26:34.617,1769592394.6176572,-7.788202,17.301804,"-7.788202, 17.301804"
17:26:34.620,1769592394.620097,-7.234655,16.367548,"-7.234655, 16.367548"
17:26:34.640,1769592394.640348,-7.234655,16.367548,"-7.234655, 16.367548"
17:26:34.651,1769592394.6515224,-6.586315,15.733456,"-6.586315, 15.733456"
17:26:34.655,1769592394.6555347,-6.586315,15.733456,"-6.586315, 15.733456"
17:26:34.681,1769592394.6810083,-6.586315,15.733456,"-6.586315, 15.733456"
17:26:34.689,1769592394.690906,-6.41545,15.133591,"-6.415450, 15.133591"
17:26:34.696,1769592394.696428,-6.41545,15.133591,"-6.415450, 15.133591"
17:26:34.715,1769592394.715904,-6.41545,15.133591,"-6.415450, 15.133591"
17:26:34.720,1769592394.7200053,-5.72265,14.735413,"-5.722650, 14.735413"
17:26:34.738,1769592394.7383819,-5.72265,14.735413,"-5.722650, 14.735413"
17:26:34.753,1769592394.7533057,-5.534048,14.254858,"-5.534048, 14.254858"
17:26:34.756,1769592394.7569475,-5.534048,14.254858,"-5.534048, 14.254858"
17:26:34.774,1769592394.7748837,-5.534048,14.254858,"-5.534048, 14.254858"
17:26:34.788,1769592394.7881362,-5.132705,13.252151,"-5.132705, 13.252151"
17:26:34.795,1769592394.7951982,-5.132705,13.252151,"-5.132705, 13.252151"
17:26:34.799,1769592394.799233,-5.132705,13.252151,"-5.132705, 13.252151"
17:26:34.829,1769592394.8297727,-4.691251,13.060781,"-4.691251, 13.060781"
17:26:34.834,1769592394.834352,-4.691251,13.060781,"-4.691251, 13.060781"
17:26:34.850,1769592394.8506343,-4.285859,12.35587,"-4.285859, 12.355870"
17:26:34.854,1769592394.854189,-4.285859,12.35587,"-4.285859, 12.355870"
17:26:34.864,1769592394.8649156,-4.285859,12.35587,"-4.285859, 12.355870"
17:26:34.889,1769592394.8892589,-4.418458,11.641413,"-4.418458, 11.641413"
17:26:34.891,1769592394.8917623,-4.418458,11.641413,"-4.418458, 11.641413"
17:26:34.908,1769592394.9080179,-4.418458,11.641413,"-4.418458, 11.641413"
17:26:34.923,1769592394.9232235,-4.354196,10.56978,"-4.354196, 10.569780"
17:26:34.924,1769592394.9257703,-4.354196,10.56978,"-4.354196, 10.569780"
17:26:34.949,1769592394.9490707,-3.947746,9.075468,"-3.947746, 9.075468"
17:26:34.952,1769592394.9525814,-3.947746,9.075468,"-3.947746, 9.075468"
17:26:34.965,1769592394.9656742,-3.947746,9.075468,"-3.947746, 9.075468"
17:26:34.980,1769592394.9804556,-3.413363,7.505124,"-3.413363, 7.505124"
17:26:34.986,1769592394.9866753,-3.413363,7.505124,"-3.413363, 7.505124"
17:26:35.007,1769592395.0073433,-3.413363,7.505124,"-3.413363, 7.505124"
17:26:35.009,1769592395.0098522,-2.790078,6.068746,"-2.790078, 6.068746"
17:26:35.026,1769592395.026558,-2.790078,6.068746,"-2.790078, 6.068746"
17:26:35.039,1769592395.0398777,-2.658493,5.234931,"-2.658493, 5.234931"
17:26:35.044,1769592395.0442972,-2.658493,5.234931,"-2.658493, 5.234931"
17:26:35.064,1769592395.0640645,-2.658493,5.234931,"-2.658493, 5.234931"
17:26:35.076,1769592395.0767488,-2.73359,3.969298,"-2.733590, 3.969298"
17:26:35.079,1769592395.0795496,-2.73359,3.969298,"-2.733590, 3.969298"
17:26:35.100,1769592395.1002805,-2.73359,3.969298,"-2.733590, 3.969298"
17:26:35.113,1769592395.1131737,-2.852157,2.993523,"-2.852157, 2.993523"
17:26:35.116,1769592395.116675,-2.852157,2.993523,"-2.852157, 2.993523"
17:26:35.135,1769592395.1356475,-2.471635,1.655371,"-2.471635, 1.655371"
17:26:35.157,1769592395.157664,-2.471635,1.655371,"-2.471635, 1.655371"
17:26:35.159,1769592395.1596847,-2.471635,1.655371,"-2.471635, 1.655371"
17:26:35.165,1769592395.1658154,-2.373192,0.389212,"-2.373192, 0.389212"
17:26:35.182,1769592395.1820698,-2.373192,0.389212,"-2.373192, 0.389212"
17:26:35.198,1769592395.1981263,-2.373192,0.389212,"-2.373192, 0.389212"
17:26:35.202,1769592395.202763,-2.977499,-0.76989,"-2.977499, -0.769890"
17:26:35.218,1769592395.2185924,-2.977499,-0.76989,"-2.977499, -0.769890"
17:26:35.223,1769592395.223064,-3.400817,-1.14241,"-3.400817, -1.142410"
17:26:35.240,1769592395.2403133,-3.400817,-1.14241,"-3.400817, -1.142410"
17:26:35.259,1769592395.259244,-3.400817,-1.14241,"-3.400817, -1.142410"
17:26:35.261,1769592395.2619138,-3.635956,-1.458263,"-3.635956, -1.458263"
17:26:35.278,1769592395.2787392,-3.635956,-1.458263,"-3.635956, -1.458263"
17:26:35.292,1769592395.2929862,-3.635956,-1.458263,"-3.635956, -1.458263"
17:26:35.296,1769592395.296601,-3.779189,-2.336302,"-3.779189, -2.336302"
17:26:35.314,1769592395.314388,-3.779189,-2.336302,"-3.779189, -2.336302"
17:26:35.326,1769592395.3266401,-4.520809,-2.713049,"-4.520809, -2.713049"
17:26:35.330,1769592395.3302057,-4.520809,-2.713049,"-4.520809, -2.713049"
17:26:35.357,1769592395.357622,-4.520809,-2.713049,"-4.520809, -2.713049"
17:26:35.359,1769592395.3595874,-4.568106,-3.990774,"-4.568106, -3.990774"
17:26:35.373,1769592395.3731549,-4.568106,-3.990774,"-4.568106, -3.990774"
17:26:35.385,1769592395.3858075,-4.568106,-3.990774,"-4.568106, -3.990774"
17:26:35.401,1769592395.4015405,-4.796842,-4.868258,"-4.796842, -4.868258"
17:26:35.404,1769592395.404043,-4.796842,-4.868258,"-4.796842, -4.868258"
17:26:35.432,1769592395.4324532,-5.11868,-5.11641,"-5.118680, -5.116410"
17:26:35.433,1769592395.4339602,-5.11868,-5.11641,"-5.118680, -5.116410"
17:26:35.436,1769592395.4369802,-5.11868,-5.11641,"-5.118680, -5.116410"
17:26:35.464,1769592395.46433,-5.159198,-5.267965,"-5.159198, -5.267965"
17:26:35.465,1769592395.4657817,-5.159198,-5.267965,"-5.159198, -5.267965"
17:26:35.481,1769592395.4823568,-5.159198,-5.267965,"-5.159198, -5.267965"
17:26:35.492,1769592395.4926627,-5.305087,-4.945487,"-5.305087, -4.945487"
17:26:35.511,1769592395.5117216,-5.305087,-4.945487,"-5.305087, -4.945487"
17:26:35.515,1769592395.5156882,-5.85687,-4.662768,"-5.856870, -4.662768"
17:26:35.528,1769592395.528583,-5.85687,-4.662768,"-5.856870, -4.662768"
17:26:35.545,1769592395.5454137,-5.85687,-4.662768,"-5.856870, -4.662768"
17:26:35.555,1769592395.5558362,-5.995298,-4.261881,"-5.995298, -4.261881"
17:26:35.564,1769592395.564256,-5.995298,-4.261881,"-5.995298, -4.261881"
17:26:35.575,1769592395.5753596,-5.995298,-4.261881,"-5.995298, -4.261881"
17:26:35.577,1769592395.577916,-6.368433,-3.36649,"-6.368433, -3.366490"
17:26:35.597,1769592395.597865,-6.368433,-3.36649,"-6.368433, -3.366490"
17:26:35.612,1769592395.612797,-6.301315,-4.130869,"-6.301315, -4.130869"
17:26:35.630,1769592395.6303928,-6.301315,-4.130869,"-6.301315, -4.130869"
17:26:35.636,1769592395.6365254,-6.301315,-4.130869,"-6.301315, -4.130869"
17:26:35.648,1769592395.6487176,-6.028138,-4.324254,"-6.028138, -4.324254"
17:26:35.665,1769592395.6651094,-6.028138,-4.324254,"-6.028138, -4.324254"
17:26:35.668,1769592395.6686773,-6.028138,-4.324254,"-6.028138, -4.324254"
17:26:35.683,1769592395.6837997,-5.853859,-3.608241,"-5.853859, -3.608241"
17:26:35.709,1769592395.7091973,-5.853859,-3.608241,"-5.853859, -3.608241"
17:26:35.715,1769592395.7157729,-6.268964,-3.93461,"-6.268964, -3.934610"
17:26:35.717,1769592395.7178354,-6.268964,-3.93461,"-6.268964, -3.934610"
17:26:35.740,1769592395.7400498,-6.268964,-3.93461,"-6.268964, -3.934610"
17:26:35.742,1769592395.7426572,-6.501662,-4.026265,"-6.501662, -4.026265"
17:26:35.754,1769592395.7547314,-6.501662,-4.026265,"-6.501662, -4.026265"
17:26:35.773,1769592395.7737124,-6.501662,-4.026265,"-6.501662, -4.026265"
17:26:35.782,1769592395.7822897,-6.375231,-4.913971,"-6.375231, -4.913971"
17:26:35.784,1769592395.7847586,-6.375231,-4.913971,"-6.375231, -4.913971"
17:26:35.806,1769592395.8061657,-6.160089,-5.462708,"-6.160089, -5.462708"
17:26:35.816,1769592395.8164613,-6.160089,-5.462708,"-6.160089, -5.462708"
17:26:35.820,1769592395.8204865,-6.160089,-5.462708,"-6.160089, -5.462708"
17:26:35.841,1769592395.8415782,-5.562929,-5.005446,"-5.562929, -5.005446"
17:26:35.852,1769592395.852749,-5.562929,-5.005446,"-5.562929, -5.005446"
17:26:35.867,1769592395.8673084,-5.562929,-5.005446,"-5.562929, -5.005446"
17:26:35.877,1769592395.8773682,-4.991335,-5.208492,"-4.991335, -5.208492"
17:26:35.888,1769592395.8889558,-4.991335,-5.208492,"-4.991335, -5.208492"
17:26:35.913,1769592395.9132955,-5.026154,-4.318799,"-5.026154, -4.318799"
17:26:35.916,1769592395.9163551,-5.026154,-4.318799,"-5.026154, -4.318799"
17:26:35.919,1769592395.9199932,-5.026154,-4.318799,"-5.026154, -4.318799"
17:26:35.928,1769592395.9287186,-4.618993,-4.086641,"-4.618993, -4.086641"
17:26:35.949,1769592395.949805,-4.618993,-4.086641,"-4.618993, -4.086641"
17:26:35.961,1769592395.961683,-4.618993,-4.086641,"-4.618993, -4.086641"
17:26:35.975,1769592395.975234,-4.627241,-2.37817,"-4.627241, -2.378170"
17:26:35.987,1769592395.9879735,-4.627241,-2.37817,"-4.627241, -2.378170"
17:26:35.991,1769592395.9916852,-5.199922,-0.844705,"-5.199922, -0.844705"
17:26:36.015,1769592396.0154247,-5.199922,-0.844705,"-5.199922, -0.844705"
17:26:36.019,1769592396.0191078,-5.199922,-0.844705,"-5.199922, -0.844705"
17:26:36.026,1769592396.026665,-5.134149,0.926116,"-5.134149, 0.926116"
17:26:36.049,1769592396.0500042,-5.134149,0.926116,"-5.134149, 0.926116"
17:26:36.055,1769592396.0552511,-5.134149,0.926116,"-5.134149, 0.926116"
17:26:36.071,1769592396.071815,-5.00292,2.732926,"-5.002920, 2.732926"
17:26:36.082,1769592396.0822704,-5.00292,2.732926,"-5.002920, 2.732926"
17:26:36.099,1769592396.0991266,-5.225096,4.213,"-5.225096, 4.213000"
17:26:36.102,1769592396.1020958,-5.225096,4.213,"-5.225096, 4.213000"
17:26:36.123,1769592396.1230104,-5.225096,4.213,"-5.225096, 4.213000"
17:26:36.126,1769592396.1265476,-5.53955,6.023088,"-5.539550, 6.023088"
17:26:36.144,1769592396.1444516,-5.53955,6.023088,"-5.539550, 6.023088"
17:26:36.150,1769592396.150021,-5.53955,6.023088,"-5.539550, 6.023088"
17:26:36.165,1769592396.1656363,-5.666597,7.051415,"-5.666597, 7.051415"
17:26:36.177,1769592396.177314,-5.666597,7.051415,"-5.666597, 7.051415"
17:26:36.192,1769592396.192088,-6.893228,9.617126,"-6.893228, 9.617126"
17:26:36.200,1769592396.2005982,-6.893228,9.617126,"-6.893228, 9.617126"
17:26:36.215,1769592396.2155347,-6.893228,9.617126,"-6.893228, 9.617126"
17:26:36.223,1769592396.2235572,-8.652901,12.159426,"-8.652901, 12.159426"
17:26:36.240,1769592396.240699,-8.652901,12.159426,"-8.652901, 12.159426"
17:26:36.243,1769592396.2430277,-8.652901,12.159426,"-8.652901, 12.159426"
17:26:36.264,1769592396.2644107,-9.458378,13.899879,"-9.458378, 13.899879"
17:26:36.274,1769592396.2748613,-9.458378,13.899879,"-9.458378, 13.899879"
17:26:36.282,1769592396.2825499,-10.337833,15.729401,"-10.337833, 15.729401"
17:26:36.300,1769592396.3005137,-10.337833,15.729401,"-10.337833, 15.729401"
17:26:36.303,1769592396.303531,-10.337833,15.729401,"-10.337833, 15.729401"
17:26:36.319,1769592396.3190026,-10.28008,17.109756,"-10.280080, 17.109756"
17:26:36.339,1769592396.3399038,-10.28008,17.109756,"-10.280080, 17.109756"
17:26:36.342,1769592396.3429103,-10.28008,17.109756,"-10.280080, 17.109756"
17:26:36.358,1769592396.3583927,-11.072228,18.572416,"-11.072228, 18.572416"
17:26:36.370,1769592396.370752,-11.072228,18.572416,"-11.072228, 18.572416"
17:26:36.375,1769592396.3752708,-12.426271,19.959686,"-12.426271, 19.959686"
17:26:36.392,1769592396.392971,-12.426271,19.959686,"-12.426271, 19.959686"
17:26:36.411,1769592396.4117885,-12.426271,19.959686,"-12.426271, 19.959686"
17:26:36.414,1769592396.414429,-13.561634,21.616035,"-13.561634, 21.616035"
17:26:36.428,1769592396.42853,-13.561634,21.616035,"-13.561634, 21.616035"
17:26:36.446,1769592396.4465973,-13.561634,21.616035,"-13.561634, 21.616035"
17:26:36.449,1769592396.4496665,-14.122288,22.974991,"-14.122288, 22.974991"
17:26:36.465,1769592396.4657536,-14.122288,22.974991,"-14.122288, 22.974991"
17:26:36.478,1769592396.4781404,-14.560011,23.760786,"-14.560011, 23.760786"
17:26:36.487,1769592396.487971,-14.560011,23.760786,"-14.560011, 23.760786"
17:26:36.501,1769592396.5010872,-14.560011,23.760786,"-14.560011, 23.760786"
17:26:36.514,1769592396.5141778,-15.657535,25.168491,"-15.657535, 25.168491"
17:26:36.528,1769592396.5282342,-15.657535,25.168491,"-15.657535, 25.168491"
17:26:36.541,1769592396.541501,-15.657535,25.168491,"-15.657535, 25.168491"
17:26:36.549,1769592396.5492907,-16.293472,26.498028,"-16.293472, 26.498028"
17:26:36.562,1769592396.5629885,-16.293472,26.498028,"-16.293472, 26.498028"
17:26:36.575,1769592396.5752146,-16.495045,27.466316,"-16.495045, 27.466316"
17:26:36.578,1769592396.5782657,-16.495045,27.466316,"-16.495045, 27.466316"
17:26:36.599,1769592396.599039,-16.495045,27.466316,"-16.495045, 27.466316"
17:26:36.610,1769592396.6103327,-17.30867,28.754452,"-17.308670, 28.754452"
17:26:36.619,1769592396.6193764,-17.30867,28.754452,"-17.308670, 28.754452"
17:26:36.636,1769592396.6364326,-17.30867,28.754452,"-17.308670, 28.754452"
17:26:36.642,1769592396.6424546,-18.121117,30.067711,"-18.121117, 30.067711"
17:26:36.646,1769592396.646501,-18.121117,30.067711,"-18.121117, 30.067711"
17:26:36.671,1769592396.6714022,-18.494741,31.47794,"-18.494741, 31.477940"
17:26:36.683,1769592396.6831505,-18.494741,31.47794,"-18.494741, 31.477940"
17:26:36.685,1769592396.685409,-18.494741,31.47794,"-18.494741, 31.477940"
17:26:36.705,1769592396.705724,-19.032291,32.792564,"-19.032291, 32.792564"
17:26:36.719,1769592396.7192903,-19.032291,32.792564,"-19.032291, 32.792564"
17:26:36.726,1769592396.726977,-19.032291,32.792564,"-19.032291, 32.792564"
17:26:36.739,1769592396.739167,-19.784428,34.337685,"-19.784428, 34.337685"
17:26:36.750,1769592396.7506564,-19.784428,34.337685,"-19.784428, 34.337685"
17:26:36.764,1769592396.7644002,-21.059605,36.609325,"-21.059605, 36.609325"
17:26:36.778,1769592396.778426,-21.059605,36.609325,"-21.059605, 36.609325"
17:26:36.797,1769592396.7979167,-21.059605,36.609325,"-21.059605, 36.609325"
17:26:36.801,1769592396.801638,-22.316021,38.512131,"-22.316021, 38.512131"
17:26:36.819,1769592396.81915,-22.316021,38.512131,"-22.316021, 38.512131"
17:26:36.845,1769592396.845355,-22.316021,38.512131,"-22.316021, 38.512131"
17:26:36.848,1769592396.8487463,-23.280685,40.15007,"-23.280685, 40.150070"
17:26:36.850,1769592396.8502524,-23.280685,40.15007,"-23.280685, 40.150070"
17:26:36.864,1769592396.8642259,-24.413479,41.977715,"-24.413479, 41.977715"
17:26:36.872,1769592396.8728468,-24.413479,41.977715,"-24.413479, 41.977715"
17:26:36.884,1769592396.8842156,-24.413479,41.977715,"-24.413479, 41.977715"
17:26:36.897,1769592396.8976815,-25.204174,43.2425,"-25.204174, 43.242500"
17:26:36.908,1769592396.9082549,-25.204174,43.2425,"-25.204174, 43.242500"
17:26:36.921,1769592396.9217782,-25.204174,43.2425,"-25.204174, 43.242500"
17:26:36.929,1769592396.9299543,-25.483227,44.236435,"-25.483227, 44.236435"
17:26:36.956,1769592396.9564164,-25.483227,44.236435,"-25.483227, 44.236435"
17:26:36.959,1769592396.9594154,-25.482399,44.90538,"-25.482399, 44.905380"
17:26:36.967,1769592396.9678576,-25.482399,44.90538,"-25.482399, 44.905380"
17:26:36.983,1769592396.9830961,-25.482399,44.90538,"-25.482399, 44.905380"
17:26:36.985,1769592396.98542,-25.740376,45.601242,"-25.740376, 45.601242"
17:26:37.007,1769592397.0072534,-25.740376,45.601242,"-25.740376, 45.601242"
17:26:37.015,1769592397.015523,-25.740376,45.601242,"-25.740376, 45.601242"
17:26:37.021,1769592397.0210967,-25.7943,45.801777,"-25.794300, 45.801777"
17:26:37.046,1769592397.0469046,-25.7943,45.801777,"-25.794300, 45.801777"
17:26:37.049,1769592397.049024,-25.449423,45.371162,"-25.449423, 45.371162"
17:26:37.065,1769592397.0657587,-25.449423,45.371162,"-25.449423, 45.371162"
17:26:37.080,1769592397.080404,-25.449423,45.371162,"-25.449423, 45.371162"
17:26:37.104,1769592397.1044505,-25.638874,45.384945,"-25.638874, 45.384945"
17:26:37.107,1769592397.1078951,-25.638874,45.384945,"-25.638874, 45.384945"
17:26:37.109,1769592397.1095011,-25.638874,45.384945,"-25.638874, 45.384945"
17:26:37.114,1769592397.1143138,-24.661831,44.946396,"-24.661831, 44.946396"
17:26:37.138,1769592397.1381714,-24.661831,44.946396,"-24.661831, 44.946396"
17:26:37.150,1769592397.1506102,-24.31432,44.397053,"-24.314320, 44.397053"
17:26:37.156,1769592397.1568637,-24.31432,44.397053,"-24.314320, 44.397053"
17:26:37.171,1769592397.171003,-24.31432,44.397053,"-24.314320, 44.397053"
17:26:37.185,1769592397.185729,-23.642895,43.610245,"-23.642895, 43.610245"
17:26:37.197,1769592397.197721,-23.642895,43.610245,"-23.642895, 43.610245"
17:26:37.212,1769592397.212773,-23.642895,43.610245,"-23.642895, 43.610245"
17:26:37.219,1769592397.2193856,-23.099508,43.777512,"-23.099508, 43.777512"
17:26:37.233,1769592397.233929,-23.099508,43.777512,"-23.099508, 43.777512"
17:26:37.245,1769592397.2451265,-22.64176,44.184505,"-22.641760, 44.184505"
17:26:37.252,1769592397.2524457,-22.64176,44.184505,"-22.641760, 44.184505"
17:26:37.269,1769592397.2696688,-22.64176,44.184505,"-22.641760, 44.184505"
17:26:37.277,1769592397.2773197,-22.697752,44.611961,"-22.697752, 44.611961"
17:26:37.282,1769592397.2823887,-22.697752,44.611961,"-22.697752, 44.611961"
17:26:37.309,1769592397.3096488,-22.697752,44.611961,"-22.697752, 44.611961"
17:26:37.312,1769592397.3128712,-22.482979,44.889793,"-22.482979, 44.889793"
17:26:37.334,1769592397.3340657,-22.482979,44.889793,"-22.482979, 44.889793"
17:26:37.342,1769592397.342922,-22.307476,45.316177,"-22.307476, 45.316177"
17:26:37.351,1769592397.3511279,-22.307476,45.316177,"-22.307476, 45.316177"
17:26:37.369,1769592397.3698444,-22.307476,45.316177,"-22.307476, 45.316177"
17:26:37.377,1769592397.3775795,-22.108536,45.787613,"-22.108536, 45.787613"
17:26:37.390,1769592397.3902576,-22.108536,45.787613,"-22.108536, 45.787613"
17:26:37.409,1769592397.4092572,-22.108536,45.787613,"-22.108536, 45.787613"
17:26:37.411,1769592397.4118688,-22.131516,46.040085,"-22.131516, 46.040085"
17:26:37.414,1769592397.4143913,-22.131516,46.040085,"-22.131516, 46.040085"
17:26:37.441,1769592397.4415655,-21.92524,46.15263,"-21.925240, 46.152630"
17:26:37.444,1769592397.4440868,-21.92524,46.15263,"-21.925240, 46.152630"
17:26:37.450,1769592397.4504676,-21.92524,46.15263,"-21.925240, 46.152630"
17:26:37.478,1769592397.4780352,-21.707977,46.165298,"-21.707977, 46.165298"
17:26:37.482,1769592397.4820685,-21.707977,46.165298,"-21.707977, 46.165298"
17:26:37.500,1769592397.500477,-21.707977,46.165298,"-21.707977, 46.165298"
17:26:37.509,1769592397.5093582,-21.311831,46.124126,"-21.311831, 46.124126"
17:26:37.519,1769592397.5198336,-21.311831,46.124126,"-21.311831, 46.124126"
17:26:37.536,1769592397.536576,-20.948421,45.755184,"-20.948421, 45.755184"
17:26:37.539,1769592397.539781,-20.948421,45.755184,"-20.948421, 45.755184"
17:26:37.554,1769592397.554877,-20.948421,45.755184,"-20.948421, 45.755184"
17:26:37.570,1769592397.5708666,-20.222355,45.23008,"-20.222355, 45.230080"
17:26:37.574,1769592397.574936,-20.222355,45.23008,"-20.222355, 45.230080"
17:26:37.585,1769592397.585531,-20.222355,45.23008,"-20.222355, 45.230080"
17:26:37.607,1769592397.6078894,-18.693211,43.991379,"-18.693211, 43.991379"
17:26:37.625,1769592397.6251807,-18.693211,43.991379,"-18.693211, 43.991379"
17:26:37.628,1769592397.6297452,-17.731119,43.094372,"-17.731119, 43.094372"
17:26:37.641,1769592397.6417077,-17.731119,43.094372,"-17.731119, 43.094372"
17:26:37.657,1769592397.65792,-17.731119,43.094372,"-17.731119, 43.094372"
17:26:37.662,1769592397.662098,-17.020994,42.408337,"-17.020994, 42.408337"
17:26:37.682,1769592397.6822066,-17.020994,42.408337,"-17.020994, 42.408337"
17:26:37.684,1769592397.6843588,-17.020994,42.408337,"-17.020994, 42.408337"
17:26:37.702,1769592397.7025218,-16.267536,41.83297,"-16.267536, 41.832970"
17:26:37.716,1769592397.7162075,-16.267536,41.83297,"-16.267536, 41.832970"
17:26:37.719,1769592397.7207525,-15.502251,41.255455,"-15.502251, 41.255455"
17:26:37.737,1769592397.7379012,-15.502251,41.255455,"-15.502251, 41.255455"
17:26:37.749,1769592397.75001,-15.502251,41.255455,"-15.502251, 41.255455"
17:26:37.759,1769592397.7595577,-14.781775,40.694534,"-14.781775, 40.694534"
17:26:37.775,1769592397.775355,-14.781775,40.694534,"-14.781775, 40.694534"
17:26:37.778,1769592397.7788846,-14.781775,40.694534,"-14.781775, 40.694534"
17:26:37.798,1769592397.7982259,-14.619577,40.535442,"-14.619577, 40.535442"
17:26:37.809,1769592397.809629,-14.619577,40.535442,"-14.619577, 40.535442"
17:26:37.820,1769592397.8205929,-14.856277,41.042061,"-14.856277, 41.042061"
17:26:37.839,1769592397.8394077,-14.856277,41.042061,"-14.856277, 41.042061"
17:26:37.842,1769592397.8429146,-14.856277,41.042061,"-14.856277, 41.042061"
17:26:37.854,1769592397.8543093,-15.093304,41.464149,"-15.093304, 41.464149"
17:26:37.870,1769592397.870381,-15.093304,41.464149,"-15.093304, 41.464149"
17:26:37.881,1769592397.8814132,-15.093304,41.464149,"-15.093304, 41.464149"
17:26:37.885,1769592397.885565,-15.36965,41.92971,"-15.369650, 41.929710"
17:26:37.904,1769592397.904117,-15.36965,41.92971,"-15.369650, 41.929710"
17:26:37.920,1769592397.920625,-15.876726,42.01841,"-15.876726, 42.018410"
17:26:37.922,1769592397.9228146,-15.876726,42.01841,"-15.876726, 42.018410"
17:26:37.946,1769592397.946558,-15.876726,42.01841,"-15.876726, 42.018410"
17:26:37.950,1769592397.9505467,-16.326666,42.0756,"-16.326666, 42.075600"
17:26:37.967,1769592397.967497,-16.326666,42.0756,"-16.326666, 42.075600"
17:26:37.973,1769592397.9737356,-16.326666,42.0756,"-16.326666, 42.075600"
17:26:37.986,1769592397.98602,-16.964802,42.018173,"-16.964802, 42.018173"
17:26:38.004,1769592398.0041933,-16.964802,42.018173,"-16.964802, 42.018173"
17:26:38.015,1769592398.0152016,-17.808662,41.833118,"-17.808662, 41.833118"
17:26:38.025,1769592398.0269673,-17.808662,41.833118,"-17.808662, 41.833118"
17:26:38.040,1769592398.0404353,-17.808662,41.833118,"-17.808662, 41.833118"
17:26:38.043,1769592398.0434816,-18.468964,41.676918,"-18.468964, 41.676918"
17:26:38.059,1769592398.0594862,-18.468964,41.676918,"-18.468964, 41.676918"
17:26:38.077,1769592398.0775552,-18.468964,41.676918,"-18.468964, 41.676918"
17:26:38.079,1769592398.079743,-19.420128,41.704533,"-19.420128, 41.704533"
17:26:38.100,1769592398.10066,-19.420128,41.704533,"-19.420128, 41.704533"
17:26:38.109,1769592398.1097267,-20.894043,41.713089,"-20.894043, 41.713089"
17:26:38.121,1769592398.121917,-20.894043,41.713089,"-20.894043, 41.713089"
17:26:38.135,1769592398.1357043,-20.894043,41.713089,"-20.894043, 41.713089"
17:26:38.145,1769592398.145499,-22.195789,41.622524,"-22.195789, 41.622524"
17:26:38.156,1769592398.1567264,-22.195789,41.622524,"-22.195789, 41.622524"
17:26:38.169,1769592398.1698809,-22.195789,41.622524,"-22.195789, 41.622524"
17:26:38.184,1769592398.1840699,-23.580599,41.295128,"-23.580599, 41.295128"
17:26:38.186,1769592398.1863785,-23.580599,41.295128,"-23.580599, 41.295128"
17:26:38.208,1769592398.2081718,-24.563852,40.744709,"-24.563852, 40.744709"
17:26:38.211,1769592398.211798,-24.563852,40.744709,"-24.563852, 40.744709"
17:26:38.226,1769592398.226934,-24.563852,40.744709,"-24.563852, 40.744709"
17:26:38.241,1769592398.2418764,-26.042017,40.428589,"-26.042017, 40.428589"
17:26:38.253,1769592398.253713,-26.042017,40.428589,"-26.042017, 40.428589"
17:26:38.265,1769592398.2655945,-26.042017,40.428589,"-26.042017, 40.428589"
17:26:38.277,1769592398.2779992,-26.707134,39.694839,"-26.707134, 39.694839"
17:26:38.290,1769592398.2903798,-26.707134,39.694839,"-26.707134, 39.694839"
17:26:38.296,1769592398.2964308,-27.007444,38.910702,"-27.007444, 38.910702"
17:26:38.311,1769592398.311557,-27.007444,38.910702,"-27.007444, 38.910702"
17:26:38.328,1769592398.3282793,-27.007444,38.910702,"-27.007444, 38.910702"
17:26:38.339,1769592398.3393936,-26.53157,37.947189,"-26.531570, 37.947189"
17:26:38.349,1769592398.3497026,-26.53157,37.947189,"-26.531570, 37.947189"
17:26:38.352,1769592398.3527353,-26.53157,37.947189,"-26.531570, 37.947189"
17:26:38.380,1769592398.3807068,-26.311115,36.792416,"-26.311115, 36.792416"
17:26:38.389,1769592398.3896422,-26.311115,36.792416,"-26.311115, 36.792416"
17:26:38.394,1769592398.3945172,-25.702591,36.137074,"-25.702591, 36.137074"
17:26:38.407,1769592398.4078763,-25.702591,36.137074,"-25.702591, 36.137074"
17:26:38.418,1769592398.4186,-25.702591,36.137074,"-25.702591, 36.137074"
17:26:38.439,1769592398.4391663,-25.387114,35.297501,"-25.387114, 35.297501"
17:26:38.441,1769592398.4417267,-25.387114,35.297501,"-25.387114, 35.297501"
17:26:38.459,1769592398.45988,-25.387114,35.297501,"-25.387114, 35.297501"
17:26:38.466,1769592398.4661472,-25.426155,34.66256,"-25.426155, 34.662560"
17:26:38.483,1769592398.483596,-25.426155,34.66256,"-25.426155, 34.662560"
17:26:38.487,1769592398.4878771,-25.319162,33.899124,"-25.319162, 33.899124"
17:26:38.507,1769592398.50738,-25.319162,33.899124,"-25.319162, 33.899124"
17:26:38.511,1769592398.5115457,-25.319162,33.899124,"-25.319162, 33.899124"
17:26:38.526,1769592398.526606,-24.876225,33.045883,"-24.876225, 33.045883"
17:26:38.545,1769592398.545177,-24.876225,33.045883,"-24.876225, 33.045883"
17:26:38.549,1769592398.5490816,-24.876225,33.045883,"-24.876225, 33.045883"
17:26:38.565,1769592398.5653412,-24.721443,32.407963,"-24.721443, 32.407963"
17:26:38.586,1769592398.5860748,-24.721443,32.407963,"-24.721443, 32.407963"
17:26:38.589,1769592398.589981,-24.617363,32.058411,"-24.617363, 32.058411"
17:26:38.603,1769592398.6034386,-24.617363,32.058411,"-24.617363, 32.058411"
17:26:38.608,1769592398.608008,-24.617363,32.058411,"-24.617363, 32.058411"
17:26:38.631,1769592398.6319306,-24.693102,31.774994,"-24.693102, 31.774994"
17:26:38.637,1769592398.637344,-24.693102,31.774994,"-24.693102, 31.774994"
17:26:38.650,1769592398.6505601,-24.693102,31.774994,"-24.693102, 31.774994"
17:26:38.653,1769592398.6535676,-24.242779,31.086941,"-24.242779, 31.086941"
17:26:38.675,1769592398.6755795,-24.242779,31.086941,"-24.242779, 31.086941"
17:26:38.679,1769592398.6791844,-23.98933,30.612236,"-23.989330, 30.612236"
17:26:38.687,1769592398.6872246,-23.98933,30.612236,"-23.989330, 30.612236"
17:26:38.709,1769592398.7091136,-23.98933,30.612236,"-23.989330, 30.612236"
17:26:38.721,1769592398.721834,-23.70903,30.075193,"-23.709030, 30.075193"
17:26:38.729,1769592398.729456,-23.70903,30.075193,"-23.709030, 30.075193"
17:26:38.744,1769592398.744394,-23.70903,30.075193,"-23.709030, 30.075193"
17:26:38.756,1769592398.7567737,-23.104557,28.999832,"-23.104557, 28.999832"
17:26:38.769,1769592398.7696757,-23.104557,28.999832,"-23.104557, 28.999832"
17:26:38.782,1769592398.7820644,-22.472401,27.69519,"-22.472401, 27.695190"
17:26:38.797,1769592398.7977839,-22.472401,27.69519,"-22.472401, 27.695190"
17:26:38.801,1769592398.8016036,-22.472401,27.69519,"-22.472401, 27.695190"
17:26:38.812,1769592398.8145084,-22.257431,27.272179,"-22.257431, 27.272179"
17:26:38.829,1769592398.8290033,-22.257431,27.272179,"-22.257431, 27.272179"
17:26:38.841,1769592398.8415353,-22.257431,27.272179,"-22.257431, 27.272179"
17:26:38.852,1769592398.8524275,-21.940916,26.665661,"-21.940916, 26.665661"
17:26:38.867,1769592398.867693,-21.940916,26.665661,"-21.940916, 26.665661"
17:26:38.879,1769592398.8799627,-21.622189,25.691013,"-21.622189, 25.691013"
17:26:38.884,1769592398.8840082,-21.622189,25.691013,"-21.622189, 25.691013"
17:26:38.901,1769592398.901603,-21.622189,25.691013,"-21.622189, 25.691013"
17:26:38.912,1769592398.9127605,-21.325583,24.776546,"-21.325583, 24.776546"
17:26:38.927,1769592398.9274118,-21.325583,24.776546,"-21.325583, 24.776546"
17:26:38.933,1769592398.9338489,-21.325583,24.776546,"-21.325583, 24.776546"
17:26:38.946,1769592398.9469695,-21.15181,23.986034,"-21.151810, 23.986034"
17:26:38.950,1769592398.9506283,-21.15181,23.986034,"-21.151810, 23.986034"
17:26:38.969,1769592398.9697335,-21.240049,23.297043,"-21.240049, 23.297043"
17:26:38.982,1769592398.9828267,-21.240049,23.297043,"-21.240049, 23.297043"
17:26:38.986,1769592398.986702,-21.240049,23.297043,"-21.240049, 23.297043"
17:26:39.006,1769592399.0066504,-21.33234,22.729662,"-21.332340, 22.729662"
17:26:39.021,1769592399.0217826,-21.33234,22.729662,"-21.332340, 22.729662"
17:26:39.035,1769592399.0355837,-21.33234,22.729662,"-21.332340, 22.729662"
17:26:39.044,1769592399.044255,-20.843008,22.021484,"-20.843008, 22.021484"
17:26:39.054,1769592399.054873,-20.843008,22.021484,"-20.843008, 22.021484"
17:26:39.070,1769592399.070349,-21.106808,21.421249,"-21.106808, 21.421249"
17:26:39.082,1769592399.0821261,-21.106808,21.421249,"-21.106808, 21.421249"
17:26:39.094,1769592399.0941942,-21.106808,21.421249,"-21.106808, 21.421249"
17:26:39.107,1769592399.1076162,-21.225586,21.003809,"-21.225586, 21.003809"
17:26:39.111,1769592399.111679,-21.225586,21.003809,"-21.225586, 21.003809"
17:26:39.129,1769592399.1293077,-21.225586,21.003809,"-21.225586, 21.003809"
17:26:39.145,1769592399.1453032,-21.21085,20.580715,"-21.210850, 20.580715"
17:26:39.148,1769592399.1484406,-21.21085,20.580715,"-21.210850, 20.580715"
17:26:39.154,1769592399.1541066,-21.781494,20.18441,"-21.781494, 20.184410"
17:26:39.182,1769592399.1824698,-21.781494,20.18441,"-21.781494, 20.184410"
17:26:39.184,1769592399.1848693,-21.781494,20.18441,"-21.781494, 20.184410"
17:26:39.200,1769592399.2000883,-22.361626,20.034,"-22.361626, 20.034000"
17:26:39.215,1769592399.2170591,-22.361626,20.034,"-22.361626, 20.034000"
17:26:39.220,1769592399.2201328,-22.361626,20.034,"-22.361626, 20.034000"
17:26:39.238,1769592399.239418,-22.96154,19.940409,"-22.961540, 19.940409"
17:26:39.254,1769592399.2541614,-22.96154,19.940409,"-22.961540, 19.940409"
17:26:39.256,1769592399.2562082,-23.868034,20.04578,"-23.868034, 20.045780"
17:26:39.271,1769592399.2718873,-23.868034,20.04578,"-23.868034, 20.045780"
17:26:39.287,1769592399.287771,-23.868034,20.04578,"-23.868034, 20.045780"
17:26:39.298,1769592399.2988389,-24.568197,19.884527,"-24.568197, 19.884527"
17:26:39.309,1769592399.3095155,-24.568197,19.884527,"-24.568197, 19.884527"
17:26:39.323,1769592399.323155,-24.568197,19.884527,"-24.568197, 19.884527"
17:26:39.329,1769592399.3296685,-25.390797,20.305786,"-25.390797, 20.305786"
17:26:39.344,1769592399.34428,-25.390797,20.305786,"-25.390797, 20.305786"
17:26:39.354,1769592399.3547273,-26.348555,20.638546,"-26.348555, 20.638546"
17:26:39.370,1769592399.3702443,-26.348555,20.638546,"-26.348555, 20.638546"
17:26:39.383,1769592399.3833091,-26.348555,20.638546,"-26.348555, 20.638546"
17:26:39.390,1769592399.390947,-27.320698,20.905964,"-27.320698, 20.905964"
17:26:39.409,1769592399.4096153,-27.320698,20.905964,"-27.320698, 20.905964"
17:26:39.412,1769592399.4127798,-27.320698,20.905964,"-27.320698, 20.905964"
17:26:39.416,1769592399.4166627,-27.86459,20.726078,"-27.864590, 20.726078"
17:26:39.440,1769592399.4400516,-27.86459,20.726078,"-27.864590, 20.726078"
17:26:39.455,1769592399.4556909,-28.249084,20.845299,"-28.249084, 20.845299"
17:26:39.463,1769592399.4631824,-28.249084,20.845299,"-28.249084, 20.845299"
17:26:39.478,1769592399.478055,-28.249084,20.845299,"-28.249084, 20.845299"
17:26:39.488,1769592399.488544,-28.401062,21.167576,"-28.401062, 21.167576"
17:26:39.501,1769592399.501804,-28.401062,21.167576,"-28.401062, 21.167576"
17:26:39.512,1769592399.5129066,-28.401062,21.167576,"-28.401062, 21.167576"
17:26:39.523,1769592399.5237236,-28.888931,20.725094,"-28.888931, 20.725094"
17:26:39.543,1769592399.5430152,-28.888931,20.725094,"-28.888931, 20.725094"
17:26:39.546,1769592399.54666,-29.200739,20.689138,"-29.200739, 20.689138"
17:26:39.561,1769592399.561548,-29.200739,20.689138,"-29.200739, 20.689138"
17:26:39.576,1769592399.5760632,-29.200739,20.689138,"-29.200739, 20.689138"
17:26:39.584,1769592399.5843124,-30.032131,20.884045,"-30.032131, 20.884045"
17:26:39.588,1769592399.5880077,-30.032131,20.884045,"-30.032131, 20.884045"
17:26:39.609,1769592399.6096356,-30.032131,20.884045,"-30.032131, 20.884045"
17:26:39.614,1769592399.614236,-30.342518,21.064314,"-30.342518, 21.064314"
17:26:39.628,1769592399.6283815,-30.342518,21.064314,"-30.342518, 21.064314"
17:26:39.646,1769592399.6463754,-30.094452,21.132395,"-30.094452, 21.132395"
17:26:39.650,1769592399.6504905,-30.094452,21.132395,"-30.094452, 21.132395"
17:26:39.667,1769592399.6670322,-30.094452,21.132395,"-30.094452, 21.132395"
17:26:39.682,1769592399.6822784,-30.445995,20.817427,"-30.445995, 20.817427"
17:26:39.686,1769592399.6866515,-30.445995,20.817427,"-30.445995, 20.817427"
17:26:39.703,1769592399.7030528,-30.445995,20.817427,"-30.445995, 20.817427"
17:26:39.714,1769592399.7143164,-30.345814,20.305973,"-30.345814, 20.305973"
17:26:39.717,1769592399.7176113,-30.345814,20.305973,"-30.345814, 20.305973"
17:26:39.745,1769592399.7454169,-29.649387,19.86734,"-29.649387, 19.867340"
17:26:39.749,1769592399.7490656,-29.649387,19.86734,"-29.649387, 19.867340"
17:26:39.767,1769592399.767192,-29.649387,19.86734,"-29.649387, 19.867340"
17:26:39.780,1769592399.780634,-29.283779,18.756411,"-29.283779, 18.756411"
17:26:39.793,1769592399.79307,-29.283779,18.756411,"-29.283779, 18.756411"
17:26:39.799,1769592399.79934,-29.283779,18.756411,"-29.283779, 18.756411"
17:26:39.815,1769592399.8158236,-28.186985,18.633343,"-28.186985, 18.633343"
17:26:39.818,1769592399.8182683,-28.186985,18.633343,"-28.186985, 18.633343"
17:26:39.838,1769592399.8383973,-27.520821,18.346226,"-27.520821, 18.346226"
17:26:39.851,1769592399.8514519,-27.520821,18.346226,"-27.520821, 18.346226"
17:26:39.854,1769592399.854829,-27.520821,18.346226,"-27.520821, 18.346226"
17:26:39.877,1769592399.8773623,-26.684269,17.902475,"-26.684269, 17.902475"
17:26:39.881,1769592399.8819654,-26.684269,17.902475,"-26.684269, 17.902475"
17:26:39.889,1769592399.8891597,-26.684269,17.902475,"-26.684269, 17.902475"
17:26:39.912,1769592399.9126716,-26.316505,17.860413,"-26.316505, 17.860413"
17:26:39.916,1769592399.9165776,-26.316505,17.860413,"-26.316505, 17.860413"
17:26:39.929,1769592399.929759,-25.629749,17.893295,"-25.629749, 17.893295"
17:26:39.945,1769592399.945333,-25.629749,17.893295,"-25.629749, 17.893295"
17:26:39.958,1769592399.958106,-25.629749,17.893295,"-25.629749, 17.893295"
17:26:39.964,1769592399.9643924,-25.299084,17.876108,"-25.299084, 17.876108"
17:26:39.979,1769592399.9792726,-25.299084,17.876108,"-25.299084, 17.876108"
17:26:39.987,1769592399.987982,-25.299084,17.876108,"-25.299084, 17.876108"
17:26:40.007,1769592400.0071673,-25.454863,17.741093,"-25.454863, 17.741093"
17:26:40.011,1769592400.0117803,-25.454863,17.741093,"-25.454863, 17.741093"
17:26:40.028,1769592400.028809,-25.094984,18.156971,"-25.094984, 18.156971"
17:26:40.044,1769592400.04439,-25.094984,18.156971,"-25.094984, 18.156971"
17:26:40.047,1769592400.047871,-25.094984,18.156971,"-25.094984, 18.156971"
17:26:40.056,1769592400.0564542,-25.27264,17.947914,"-25.272640, 17.947914"
17:26:40.076,1769592400.0764322,-25.27264,17.947914,"-25.272640, 17.947914"
17:26:40.087,1769592400.0871627,-25.27264,17.947914,"-25.272640, 17.947914"
17:26:40.102,1769592400.1021585,-25.01524,18.439705,"-25.015240, 18.439705"
17:26:40.108,1769592400.108869,-25.01524,18.439705,"-25.015240, 18.439705"
17:26:40.119,1769592400.119776,-24.925636,18.32115,"-24.925636, 18.321150"
17:26:40.137,1769592400.1379745,-24.925636,18.32115,"-24.925636, 18.321150"
17:26:40.150,1769592400.1506052,-24.925636,18.32115,"-24.925636, 18.321150"
17:26:40.157,1769592400.1572523,-24.532551,19.166252,"-24.532551, 19.166252"
17:26:40.177,1769592400.1772578,-24.532551,19.166252,"-24.532551, 19.166252"
17:26:40.182,1769592400.182334,-24.532551,19.166252,"-24.532551, 19.166252"
17:26:40.189,1769592400.1890788,-24.590702,19.319069,"-24.590702, 19.319069"
17:26:40.209,1769592400.209536,-24.590702,19.319069,"-24.590702, 19.319069"
17:26:40.221,1769592400.2210524,-24.639118,20.022827,"-24.639118, 20.022827"
17:26:40.229,1769592400.2296941,-24.639118,20.022827,"-24.639118, 20.022827"
17:26:40.245,1769592400.245456,-24.639118,20.022827,"-24.639118, 20.022827"
17:26:40.255,1769592400.2559612,-24.092255,20.910789,"-24.092255, 20.910789"
17:26:40.271,1769592400.2715595,-24.092255,20.910789,"-24.092255, 20.910789"
17:26:40.282,1769592400.2821565,-24.092255,20.910789,"-24.092255, 20.910789"
17:26:40.294,1769592400.2943506,-23.861315,20.808372,"-23.861315, 20.808372"
17:26:40.307,1769592400.3077939,-23.861315,20.808372,"-23.861315, 20.808372"
17:26:40.311,1769592400.311774,-23.830353,21.06435,"-23.830353, 21.064350"
17:26:40.323,1769592400.3238747,-23.830353,21.06435,"-23.830353, 21.064350"
17:26:40.343,1769592400.3431773,-23.830353,21.06435,"-23.830353, 21.064350"
17:26:40.346,1769592400.3467863,-24.237671,21.198256,"-24.237671, 21.198256"
17:26:40.363,1769592400.3636277,-24.237671,21.198256,"-24.237671, 21.198256"
17:26:40.378,1769592400.3786323,-24.237671,21.198256,"-24.237671, 21.198256"
17:26:40.382,1769592400.382102,-23.988598,21.275143,"-23.988598, 21.275143"
17:26:40.406,1769592400.4060261,-23.988598,21.275143,"-23.988598, 21.275143"
17:26:40.411,1769592400.411632,-23.460899,21.235315,"-23.460899, 21.235315"
17:26:40.428,1769592400.428925,-23.460899,21.235315,"-23.460899, 21.235315"
17:26:40.433,1769592400.4336195,-23.460899,21.235315,"-23.460899, 21.235315"
17:26:40.448,1769592400.4482114,-23.221922,21.753016,"-23.221922, 21.753016"
17:26:40.455,1769592400.456848,-23.221922,21.753016,"-23.221922, 21.753016"
17:26:40.483,1769592400.4839861,-23.221922,21.753016,"-23.221922, 21.753016"
17:26:40.486,1769592400.486498,-22.882748,21.88662,"-22.882748, 21.886620"
17:26:40.489,1769592400.4890099,-22.882748,21.88662,"-22.882748, 21.886620"
17:26:40.507,1769592400.5077279,-22.338232,22.332088,"-22.338232, 22.332088"
17:26:40.526,1769592400.5265718,-22.338232,22.332088,"-22.338232, 22.332088"
17:26:40.530,1769592400.5302458,-22.338232,22.332088,"-22.338232, 22.332088"
17:26:40.542,1769592400.5427613,-21.830566,22.749229,"-21.830566, 22.749229"
17:26:40.559,1769592400.559623,-21.830566,22.749229,"-21.830566, 22.749229"
17:26:40.565,1769592400.5656917,-21.830566,22.749229,"-21.830566, 22.749229"
17:26:40.582,1769592400.582207,-20.805716,22.674683,"-20.805716, 22.674683"
17:26:40.592,1769592400.594374,-20.805716,22.674683,"-20.805716, 22.674683"
17:26:40.607,1769592400.6077938,-20.463993,22.698509,"-20.463993, 22.698509"
17:26:40.612,1769592400.612918,-20.463993,22.698509,"-20.463993, 22.698509"
17:26:40.628,1769592400.6289346,-20.463993,22.698509,"-20.463993, 22.698509"
17:26:40.644,1769592400.644281,-20.045193,22.644922,"-20.045193, 22.644922"
17:26:40.647,1769592400.6478424,-20.045193,22.644922,"-20.045193, 22.644922"
17:26:40.656,1769592400.6564372,-20.045193,22.644922,"-20.045193, 22.644922"
17:26:40.683,1769592400.6843553,-19.518166,22.719978,"-19.518166, 22.719978"
17:26:40.684,1769592400.6843553,-19.518166,22.719978,"-19.518166, 22.719978"
17:26:40.689,1769592400.6890402,-18.413261,22.274052,"-18.413261, 22.274052"
17:26:40.711,1769592400.7116876,-18.413261,22.274052,"-18.413261, 22.274052"
17:26:40.724,1769592400.7242954,-18.413261,22.274052,"-18.413261, 22.274052"
17:26:40.741,1769592400.7424796,-17.804436,22.064724,"-17.804436, 22.064724"
17:26:40.754,1769592400.7548933,-17.804436,22.064724,"-17.804436, 22.064724"
17:26:40.755,1769592400.7558987,-17.804436,22.064724,"-17.804436, 22.064724"
17:26:40.771,1769592400.7713716,-16.399769,20.888332,"-16.399769, 20.888332"
17:26:40.785,1769592400.7855635,-16.399769,20.888332,"-16.399769, 20.888332"
17:26:40.789,1769592400.789589,-15.006008,20.166216,"-15.006008, 20.166216"
17:26:40.809,1769592400.8095844,-15.006008,20.166216,"-15.006008, 20.166216"
17:26:40.822,1769592400.8229334,-15.006008,20.166216,"-15.006008, 20.166216"
17:26:40.829,1769592400.829942,-14.182608,19.464298,"-14.182608, 19.464298"
17:26:40.845,1769592400.845181,-14.182608,19.464298,"-14.182608, 19.464298"
17:26:40.856,1769592400.8564088,-14.182608,19.464298,"-14.182608, 19.464298"
17:26:40.870,1769592400.8708324,-13.244068,18.989845,"-13.244068, 18.989845"
17:26:40.888,1769592400.88801,-13.244068,18.989845,"-13.244068, 18.989845"
17:26:40.889,1769592400.8905675,-12.427248,18.558069,"-12.427248, 18.558069"
17:26:40.909,1769592400.909653,-12.427248,18.558069,"-12.427248, 18.558069"
17:26:40.914,1769592400.9142163,-12.427248,18.558069,"-12.427248, 18.558069"
17:26:40.925,1769592400.9256005,-10.984893,17.360004,"-10.984893, 17.360004"
17:26:40.945,1769592400.9453044,-10.984893,17.360004,"-10.984893, 17.360004"
17:26:40.947,1769592400.9479449,-10.984893,17.360004,"-10.984893, 17.360004"
17:26:40.956,1769592400.956799,-9.282581,16.129391,"-9.282581, 16.129391"
17:26:40.980,1769592400.9800813,-9.282581,16.129391,"-9.282581, 16.129391"
17:26:40.989,1769592400.9890218,-8.177002,15.454042,"-8.177002, 15.454042"
17:26:40.991,1769592400.991647,-8.177002,15.454042,"-8.177002, 15.454042"
17:26:41.016,1769592401.0162246,-8.177002,15.454042,"-8.177002, 15.454042"
17:26:41.019,1769592401.0197325,-7.267065,14.768614,"-7.267065, 14.768614"
17:26:41.027,1769592401.0273256,-7.267065,14.768614,"-7.267065, 14.768614"
17:26:41.050,1769592401.0506556,-7.267065,14.768614,"-7.267065, 14.768614"
17:26:41.062,1769592401.0625775,-6.168823,14.433888,"-6.168823, 14.433888"
17:26:41.073,1769592401.0732849,-6.168823,14.433888,"-6.168823, 14.433888"
17:26:41.086,1769592401.0864198,-4.810812,13.677431,"-4.810812, 13.677431"
17:26:41.095,1769592401.0951073,-4.810812,13.677431,"-4.810812, 13.677431"
17:26:41.116,1769592401.1162844,-4.810812,13.677431,"-4.810812, 13.677431"
17:26:41.126,1769592401.1266475,-2.977278,13.410427,"-2.977278, 13.410427"
17:26:41.128,1769592401.1287305,-2.977278,13.410427,"-2.977278, 13.410427"
17:26:41.140,1769592401.140548,-2.977278,13.410427,"-2.977278, 13.410427"
17:26:41.157,1769592401.1573062,-1.569905,13.238218,"-1.569905, 13.238218"
17:26:41.161,1769592401.1618266,-1.569905,13.238218,"-1.569905, 13.238218"
17:26:41.179,1769592401.1794727,-0.08144,13.074478,"-0.081440, 13.074478"
17:26:41.202,1769592401.2024896,-0.08144,13.074478,"-0.081440, 13.074478"
17:26:41.205,1769592401.2050877,-0.08144,13.074478,"-0.081440, 13.074478"
17:26:41.217,1769592401.2170527,1.448996,13.531953,"1.448996, 13.531953"
17:26:41.229,1769592401.229755,1.448996,13.531953,"1.448996, 13.531953"
17:26:41.234,1769592401.2343419,1.448996,13.531953,"1.448996, 13.531953"
17:26:41.254,1769592401.2543259,3.210271,13.359005,"3.210271, 13.359005"
17:26:41.267,1769592401.267658,3.210271,13.359005,"3.210271, 13.359005"
17:26:41.271,1769592401.2712715,4.283354,13.869412,"4.283354, 13.869412"
17:26:41.290,1769592401.2903063,4.283354,13.869412,"4.283354, 13.869412"
17:26:41.305,1769592401.3052006,4.283354,13.869412,"4.283354, 13.869412"
17:26:41.309,1769592401.3092382,5.223644,14.600262,"5.223644, 14.600262"
17:26:41.327,1769592401.3271797,5.223644,14.600262,"5.223644, 14.600262"
17:26:41.340,1769592401.3404486,5.223644,14.600262,"5.223644, 14.600262"
17:26:41.346,1769592401.3463707,6.275583,14.694652,"6.275583, 14.694652"
17:26:41.359,1769592401.3595822,6.275583,14.694652,"6.275583, 14.694652"
17:26:41.375,1769592401.3750083,7.554901,14.403385,"7.554901, 14.403385"
17:26:41.382,1769592401.382203,7.554901,14.403385,"7.554901, 14.403385"
17:26:41.397,1769592401.3977404,7.554901,14.403385,"7.554901, 14.403385"
17:26:41.420,1769592401.42029,7.707126,14.984673,"7.707126, 14.984673"
17:26:41.422,1769592401.4228005,7.707126,14.984673,"7.707126, 14.984673"
17:26:41.438,1769592401.4381216,7.707126,14.984673,"7.707126, 14.984673"
17:26:41.440,1769592401.440126,7.963485,15.396748,"7.963485, 15.396748"
17:26:41.455,1769592401.4552925,7.963485,15.396748,"7.963485, 15.396748"
17:26:41.457,1769592401.4572988,8.118849,16.150129,"8.118849, 16.150129"
17:26:41.487,1769592401.4878836,8.118849,16.150129,"8.118849, 16.150129"
17:26:41.489,1769592401.489888,8.118849,16.150129,"8.118849, 16.150129"
17:26:41.507,1769592401.507793,8.175715,16.285429,"8.175715, 16.285429"
17:26:41.516,1769592401.5165408,8.175715,16.285429,"8.175715, 16.285429"
17:26:41.537,1769592401.538214,8.175715,16.285429,"8.175715, 16.285429"
17:26:41.544,1769592401.5442424,7.992193,16.305321,"7.992193, 16.305321"
17:26:41.557,1769592401.5575688,7.992193,16.305321,"7.992193, 16.305321"
17:26:41.559,1769592401.5596604,8.265728,16.345692,"8.265728, 16.345692"
17:26:41.579,1769592401.579621,8.265728,16.345692,"8.265728, 16.345692"
17:26:41.586,1769592401.5863693,8.265728,16.345692,"8.265728, 16.345692"
17:26:41.597,1769592401.597833,8.6465,15.904047,"8.646500, 15.904047"
17:26:41.612,1769592401.6127527,8.6465,15.904047,"8.646500, 15.904047"
17:26:41.628,1769592401.628822,8.6465,15.904047,"8.646500, 15.904047"
17:26:41.632,1769592401.6323516,8.688725,15.372513,"8.688725, 15.372513"
17:26:41.644,1769592401.644186,8.688725,15.372513,"8.688725, 15.372513"
17:26:41.659,1769592401.6597197,9.314648,14.659578,"9.314648, 14.659578"
17:26:41.670,1769592401.6709678,9.314648,14.659578,"9.314648, 14.659578"
17:26:41.674,1769592401.6746733,9.314648,14.659578,"9.314648, 14.659578"
17:26:41.695,1769592401.695408,9.080826,14.913685,"9.080826, 14.913685"
17:26:41.708,1769592401.708655,9.080826,14.913685,"9.080826, 14.913685"
17:26:41.712,1769592401.712983,9.080826,14.913685,"9.080826, 14.913685"
17:26:41.730,1769592401.7309685,9.721487,13.875771,"9.721487, 13.875771"
17:26:41.744,1769592401.744165,9.721487,13.875771,"9.721487, 13.875771"
17:26:41.747,1769592401.7477288,9.614601,13.670435,"9.614601, 13.670435"
17:26:41.771,1769592401.7715113,9.614601,13.670435,"9.614601, 13.670435"
17:26:41.774,1769592401.7747355,9.614601,13.670435,"9.614601, 13.670435"
17:26:41.786,1769592401.7867913,9.451538,13.079102,"9.451538, 13.079102"
17:26:41.805,1769592401.8050976,9.451538,13.079102,"9.451538, 13.079102"
17:26:41.817,1769592401.8179312,9.451538,13.079102,"9.451538, 13.079102"
17:26:41.821,1769592401.8210468,9.509793,12.898041,"9.509793, 12.898041"
17:26:41.849,1769592401.8491464,9.509793,12.898041,"9.509793, 12.898041"
17:26:41.851,1769592401.8516536,9.31144,12.660017,"9.311440, 12.660017"
17:26:41.865,1769592401.8655868,9.31144,12.660017,"9.311440, 12.660017"
17:26:41.879,1769592401.8790574,9.31144,12.660017,"9.311440, 12.660017"
17:26:41.888,1769592401.8889313,8.896521,12.393495,"8.896521, 12.393495"
17:26:41.900,1769592401.9002728,8.896521,12.393495,"8.896521, 12.393495"
17:26:41.915,1769592401.9155684,8.896521,12.393495,"8.896521, 12.393495"
17:26:41.920,1769592401.920221,8.062485,12.417011,"8.062485, 12.417011"
17:26:41.939,1769592401.9391773,8.062485,12.417011,"8.062485, 12.417011"
17:26:41.945,1769592401.945295,7.617213,12.541386,"7.617213, 12.541386"
17:26:41.962,1769592401.9628918,7.617213,12.541386,"7.617213, 12.541386"
17:26:41.968,1769592401.9687238,7.617213,12.541386,"7.617213, 12.541386"
17:26:41.983,1769592401.9835112,6.684266,12.799406,"6.684266, 12.799406"
17:26:42.000,1769592402.0004146,6.684266,12.799406,"6.684266, 12.799406"
17:26:42.003,1769592402.0039206,6.684266,12.799406,"6.684266, 12.799406"
17:26:42.016,1769592402.0164213,6.221581,12.87034,"6.221581, 12.870340"
17:26:42.033,1769592402.0333645,6.221581,12.87034,"6.221581, 12.870340"
17:26:42.036,1769592402.0368755,5.458696,13.562437,"5.458696, 13.562437"
17:26:42.059,1769592402.0594203,5.458696,13.562437,"5.458696, 13.562437"
17:26:42.065,1769592402.0656009,5.458696,13.562437,"5.458696, 13.562437"
17:26:42.074,1769592402.074728,4.458008,14.399971,"4.458008, 14.399971"
17:26:42.090,1769592402.0904343,4.458008,14.399971,"4.458008, 14.399971"
17:26:42.108,1769592402.1086879,4.458008,14.399971,"4.458008, 14.399971"
17:26:42.112,1769592402.1128242,3.818646,15.389954,"3.818646, 15.389954"
17:26:42.130,1769592402.1304526,3.818646,15.389954,"3.818646, 15.389954"
17:26:42.140,1769592402.1404355,2.52838,16.844799,"2.528380, 16.844799"
17:26:42.151,1769592402.1516516,2.52838,16.844799,"2.528380, 16.844799"
17:26:42.167,1769592402.1672478,2.52838,16.844799,"2.528380, 16.844799"
17:26:42.175,1769592402.1754522,1.179924,18.45385,"1.179924, 18.453850"
17:26:42.191,1769592402.1915658,1.179924,18.45385,"1.179924, 18.453850"
17:26:42.196,1769592402.1967378,1.179924,18.45385,"1.179924, 18.453850"
17:26:42.215,1769592402.2156308,-0.108562,20.824841,"-0.108562, 20.824841"
17:26:42.226,1769592402.2266908,-0.108562,20.824841,"-0.108562, 20.824841"
17:26:42.234,1769592402.2345355,-1.319925,22.772156,"-1.319925, 22.772156"
17:26:42.251,1769592402.2516077,-1.319925,22.772156,"-1.319925, 22.772156"
17:26:42.255,1769592402.2553117,-1.319925,22.772156,"-1.319925, 22.772156"
17:26:42.274,1769592402.274011,-3.087789,24.746559,"-3.087789, 24.746559"
17:26:42.286,1769592402.2868114,-3.087789,24.746559,"-3.087789, 24.746559"
17:26:42.290,1769592402.2903512,-3.087789,24.746559,"-3.087789, 24.746559"
17:26:42.308,1769592402.3084917,-4.532651,26.242165,"-4.532651, 26.242165"
17:26:42.322,1769592402.3229609,-4.532651,26.242165,"-4.532651, 26.242165"
17:26:42.325,1769592402.3254702,-5.422158,27.479858,"-5.422158, 27.479858"
17:26:42.340,1769592402.3402429,-5.422158,27.479858,"-5.422158, 27.479858"
17:26:42.358,1769592402.3580406,-5.422158,27.479858,"-5.422158, 27.479858"
17:26:42.361,1769592402.3616397,-6.070889,27.840969,"-6.070889, 27.840969"
17:26:42.379,1769592402.3792756,-6.070889,27.840969,"-6.070889, 27.840969"
17:26:42.392,1769592402.3927777,-6.070889,27.840969,"-6.070889, 27.840969"
17:26:42.396,1769592402.396433,-7.07901,27.510645,"-7.079010, 27.510645"
17:26:42.417,1769592402.4177833,-7.07901,27.510645,"-7.079010, 27.510645"
17:26:42.421,1769592402.4212992,-7.742057,27.371948,"-7.742057, 27.371948"
17:26:42.437,1769592402.4370973,-7.742057,27.371948,"-7.742057, 27.371948"
17:26:42.450,1769592402.4509022,-7.742057,27.371948,"-7.742057, 27.371948"
17:26:42.464,1769592402.464008,-8.280843,27.341858,"-8.280843, 27.341858"
17:26:42.478,1769592402.4783418,-8.280843,27.341858,"-8.280843, 27.341858"
17:26:42.489,1769592402.489217,-8.280843,27.341858,"-8.280843, 27.341858"
17:26:42.498,1769592402.4984634,-9.138779,27.214542,"-9.138779, 27.214542"
17:26:42.513,1769592402.5132911,-9.138779,27.214542,"-9.138779, 27.214542"
17:26:42.528,1769592402.528344,-9.455601,26.54484,"-9.455601, 26.544840"
17:26:42.532,1769592402.5321062,-9.455601,26.54484,"-9.455601, 26.544840"
17:26:42.540,1769592402.5404322,-9.455601,26.54484,"-9.455601, 26.544840"
17:26:42.561,1769592402.561776,-9.786167,26.301117,"-9.786167, 26.301117"
17:26:42.574,1769592402.5742047,-9.786167,26.301117,"-9.786167, 26.301117"
17:26:42.577,1769592402.577613,-9.786167,26.301117,"-9.786167, 26.301117"
17:26:42.596,1769592402.5962656,-10.001127,26.577385,"-10.001127, 26.577385"
17:26:42.607,1769592402.6079829,-10.001127,26.577385,"-10.001127, 26.577385"
17:26:42.619,1769592402.6193852,-10.261196,27.732965,"-10.261196, 27.732965"
17:26:42.632,1769592402.6321127,-10.261196,27.732965,"-10.261196, 27.732965"
17:26:42.648,1769592402.6486194,-10.261196,27.732965,"-10.261196, 27.732965"
17:26:42.657,1769592402.65793,-10.570196,30.133724,"-10.570196, 30.133724"
17:26:42.665,1769592402.6656494,-10.570196,30.133724,"-10.570196, 30.133724"
17:26:42.681,1769592402.681845,-10.570196,30.133724,"-10.570196, 30.133724"
17:26:42.695,1769592402.6953464,-11.28964,33.19136,"-11.289640, 33.191360"
17:26:42.699,1769592402.6993191,-11.28964,33.19136,"-11.289640, 33.191360"
17:26:42.718,1769592402.7182827,-12.160352,36.713989,"-12.160352, 36.713989"
17:26:42.728,1769592402.728542,-12.160352,36.713989,"-12.160352, 36.713989"
17:26:42.741,1769592402.7417874,-12.160352,36.713989,"-12.160352, 36.713989"
17:26:42.755,1769592402.7555897,-13.067454,39.612503,"-13.067454, 39.612503"
17:26:42.766,1769592402.766305,-13.067454,39.612503,"-13.067454, 39.612503"
17:26:42.769,1769592402.7698789,-13.067454,39.612503,"-13.067454, 39.612503"
17:26:42.795,1769592402.7952182,-13.844229,41.786972,"-13.844229, 41.786972"
17:26:42.797,1769592402.7977355,-13.844229,41.786972,"-13.844229, 41.786972"
17:26:42.810,1769592402.8103197,-14.485536,43.128746,"-14.485536, 43.128746"
17:26:42.827,1769592402.8276167,-14.485536,43.128746,"-14.485536, 43.128746"
17:26:42.831,1769592402.8324265,-14.485536,43.128746,"-14.485536, 43.128746"
17:26:42.835,1769592402.8355706,-16.586266,43.280853,"-16.586266, 43.280853"
17:26:42.862,1769592402.8628004,-16.586266,43.280853,"-16.586266, 43.280853"
17:26:42.874,1769592402.874031,-16.586266,43.280853,"-16.586266, 43.280853"
17:26:42.876,1769592402.8764758,-16.921963,42.578274,"-16.921963, 42.578274"
17:26:42.896,1769592402.8966467,-16.921963,42.578274,"-16.921963, 42.578274"
17:26:42.907,1769592402.9078932,-16.204872,41.561035,"-16.204872, 41.561035"
17:26:42.923,1769592402.9231877,-16.204872,41.561035,"-16.204872, 41.561035"
17:26:42.931,1769592402.9312406,-16.204872,41.561035,"-16.204872, 41.561035"
17:26:42.942,1769592402.9428551,-15.046705,40.0989,"-15.046705, 40.098900"
17:26:42.959,1769592402.9593978,-15.046705,40.0989,"-15.046705, 40.098900"
17:26:42.964,1769592402.9640865,-15.046705,40.0989,"-15.046705, 40.098900"
17:26:42.978,1769592402.9785724,-13.675453,38.494785,"-13.675453, 38.494785"
17:26:42.995,1769592402.9952617,-13.675453,38.494785,"-13.675453, 38.494785"
17:26:43.002,1769592403.0021355,-12.066107,36.66954,"-12.066107, 36.669540"
17:26:43.004,1769592403.0047185,-12.066107,36.66954,"-12.066107, 36.669540"
17:26:43.017,1769592403.0176904,-12.066107,36.66954,"-12.066107, 36.669540"
17:26:43.041,1769592403.0415058,-10.333675,34.359821,"-10.333675, 34.359821"
17:26:43.048,1769592403.0489037,-10.333675,34.359821,"-10.333675, 34.359821"
17:26:43.066,1769592403.066836,-10.333675,34.359821,"-10.333675, 34.359821"
17:26:43.078,1769592403.0780435,-9.104554,32.309418,"-9.104554, 32.309418"
17:26:43.079,1769592403.0795557,-9.104554,32.309418,"-9.104554, 32.309418"
17:26:43.098,1769592403.0980444,-8.351374,30.993929,"-8.351374, 30.993929"
17:26:43.108,1769592403.1082008,-8.351374,30.993929,"-8.351374, 30.993929"
17:26:43.123,1769592403.1232016,-8.351374,30.993929,"-8.351374, 30.993929"
17:26:43.140,1769592403.140309,-8.233046,29.600365,"-8.233046, 29.600365"
17:26:43.145,1769592403.145202,-8.233046,29.600365,"-8.233046, 29.600365"
17:26:43.159,1769592403.1593163,-8.233046,29.600365,"-8.233046, 29.600365"
17:26:43.172,1769592403.1722581,-8.504629,28.817776,"-8.504629, 28.817776"
17:26:43.176,1769592403.1765885,-8.504629,28.817776,"-8.504629, 28.817776"
17:26:43.197,1769592403.197694,-9.11828,29.109432,"-9.118280, 29.109432"
17:26:43.200,1769592403.20043,-9.11828,29.109432,"-9.118280, 29.109432"
17:26:43.218,1769592403.2180712,-9.11828,29.109432,"-9.118280, 29.109432"
17:26:43.232,1769592403.2322328,-9.97197,30.443867,"-9.971970, 30.443867"
17:26:43.244,1769592403.2442884,-9.97197,30.443867,"-9.971970, 30.443867"
17:26:43.248,1769592403.248538,-9.97197,30.443867,"-9.971970, 30.443867"
17:26:43.267,1769592403.2679768,-10.473223,31.629677,"-10.473223, 31.629677"
17:26:43.282,1769592403.2821822,-10.473223,31.629677,"-10.473223, 31.629677"
17:26:43.284,1769592403.2846928,-10.476692,33.413155,"-10.476692, 33.413155"
17:26:43.303,1769592403.303339,-10.476692,33.413155,"-10.476692, 33.413155"
17:26:43.315,1769592403.3154275,-10.476692,33.413155,"-10.476692, 33.413155"
17:26:43.330,1769592403.3300905,-10.000247,35.514244,"-10.000247, 35.514244"
17:26:43.347,1769592403.3478339,-10.000247,35.514244,"-10.000247, 35.514244"
17:26:43.350,1769592403.350503,-10.000247,35.514244,"-10.000247, 35.514244"
17:26:43.368,1769592403.3681083,-9.440699,37.454742,"-9.440699, 37.454742"
17:26:43.376,1769592403.3766816,-9.440699,37.454742,"-9.440699, 37.454742"
17:26:43.387,1769592403.3873475,-8.932629,38.370281,"-8.932629, 38.370281"
17:26:43.404,1769592403.404945,-8.932629,38.370281,"-8.932629, 38.370281"
17:26:43.408,1769592403.4081724,-8.932629,38.370281,"-8.932629, 38.370281"
17:26:43.422,1769592403.4229763,-8.672482,39.237961,"-8.672482, 39.237961"
17:26:43.439,1769592403.4398413,-8.672482,39.237961,"-8.672482, 39.237961"
17:26:43.448,1769592403.448981,-8.672482,39.237961,"-8.672482, 39.237961"
17:26:43.456,1769592403.4566643,-8.835886,40.384201,"-8.835886, 40.384201"
17:26:43.473,1769592403.474525,-8.835886,40.384201,"-8.835886, 40.384201"
17:26:43.477,1769592403.4775422,-8.984819,41.33123,"-8.984819, 41.331230"
17:26:43.494,1769592403.4941342,-8.984819,41.33123,"-8.984819, 41.331230"
17:26:43.511,1769592403.5118697,-8.984819,41.33123,"-8.984819, 41.331230"
17:26:43.515,1769592403.515493,-8.704226,42.126598,"-8.704226, 42.126598"
17:26:43.519,1769592403.5190866,-8.704226,42.126598,"-8.704226, 42.126598"
17:26:43.540,1769592403.540089,-8.704226,42.126598,"-8.704226, 42.126598"
17:26:43.555,1769592403.5555763,-8.248869,42.251659,"-8.248869, 42.251659"
17:26:43.557,1769592403.5575771,-8.248869,42.251659,"-8.248869, 42.251659"
17:26:43.577,1769592403.5775924,-7.386436,41.980209,"-7.386436, 41.980209"
17:26:43.592,1769592403.5929925,-7.386436,41.980209,"-7.386436, 41.980209"
17:26:43.607,1769592403.60716,-7.386436,41.980209,"-7.386436, 41.980209"
17:26:43.615,1769592403.615596,-6.763711,41.775658,"-6.763711, 41.775658"
17:26:43.631,1769592403.6319077,-6.763711,41.775658,"-6.763711, 41.775658"
17:26:43.641,1769592403.6418612,-6.763711,41.775658,"-6.763711, 41.775658"
17:26:43.658,1769592403.6587229,-6.790664,42.032856,"-6.790664, 42.032856"
17:26:43.661,1769592403.66178,-6.790664,42.032856,"-6.790664, 42.032856"
17:26:43.679,1769592403.6796172,-7.138646,42.268593,"-7.138646, 42.268593"
17:26:43.683,1769592403.6831796,-7.138646,42.268593,"-7.138646, 42.268593"
17:26:43.699,1769592403.699332,-7.138646,42.268593,"-7.138646, 42.268593"
17:26:43.712,1769592403.712641,-8.133401,42.642517,"-8.133401, 42.642517"
17:26:43.723,1769592403.7234898,-8.133401,42.642517,"-8.133401, 42.642517"
17:26:43.735,1769592403.735246,-8.133401,42.642517,"-8.133401, 42.642517"
17:26:43.750,1769592403.7500343,-8.615925,42.753113,"-8.615925, 42.753113"
17:26:43.758,1769592403.7585824,-8.615925,42.753113,"-8.615925, 42.753113"
17:26:43.771,1769592403.771638,-9.649815,42.901527,"-9.649815, 42.901527"
17:26:43.785,1769592403.7856133,-9.649815,42.901527,"-9.649815, 42.901527"
17:26:43.797,1769592403.7976394,-9.649815,42.901527,"-9.649815, 42.901527"
17:26:43.805,1769592403.805234,-11.612645,43.041061,"-11.612645, 43.041061"
17:26:43.824,1769592403.8242278,-11.612645,43.041061,"-11.612645, 43.041061"
17:26:43.832,1769592403.832253,-11.612645,43.041061,"-11.612645, 43.041061"
17:26:43.835,1769592403.8359125,-13.646351,42.581352,"-13.646351, 42.581352"
17:26:43.856,1769592403.8563263,-13.646351,42.581352,"-13.646351, 42.581352"
17:26:43.867,1769592403.8679268,-14.731157,41.998154,"-14.731157, 41.998154"
17:26:43.882,1769592403.8824182,-14.731157,41.998154,"-14.731157, 41.998154"
17:26:43.896,1769592403.8966482,-14.731157,41.998154,"-14.731157, 41.998154"
17:26:43.899,1769592403.8998003,-15.359991,41.804554,"-15.359991, 41.804554"
17:26:43.916,1769592403.916636,-15.359991,41.804554,"-15.359991, 41.804554"
17:26:43.928,1769592403.9289465,-15.359991,41.804554,"-15.359991, 41.804554"
17:26:43.933,1769592403.933466,-15.470482,41.717346,"-15.470482, 41.717346"
17:26:43.953,1769592403.9530652,-15.470482,41.717346,"-15.470482, 41.717346"
17:26:43.965,1769592403.9659078,-15.683613,41.002747,"-15.683613, 41.002747"
17:26:43.968,1769592403.968602,-15.683613,41.002747,"-15.683613, 41.002747"
17:26:43.991,1769592403.9918966,-15.683613,41.002747,"-15.683613, 41.002747"
17:26:43.995,1769592403.9950237,-16.391808,40.727509,"-16.391808, 40.727509"
17:26:44.011,1769592404.011666,-16.391808,40.727509,"-16.391808, 40.727509"
17:26:44.021,1769592404.0211775,-16.391808,40.727509,"-16.391808, 40.727509"
17:26:44.037,1769592404.0379844,-17.162525,40.0131,"-17.162525, 40.013100"
17:26:44.045,1769592404.045114,-17.162525,40.0131,"-17.162525, 40.013100"
17:26:44.067,1769592404.0679672,-17.871548,40.073914,"-17.871548, 40.073914"
17:26:44.069,1769592404.0699928,-17.871548,40.073914,"-17.871548, 40.073914"
17:26:44.083,1769592404.083852,-17.871548,40.073914,"-17.871548, 40.073914"
17:26:44.096,1769592404.096399,-18.25016,39.863464,"-18.250160, 39.863464"
17:26:44.108,1769592404.1085923,-18.25016,39.863464,"-18.250160, 39.863464"
17:26:44.115,1769592404.1155715,-18.25016,39.863464,"-18.250160, 39.863464"
17:26:44.133,1769592404.1338396,-18.766212,39.690697,"-18.766212, 39.690697"
17:26:44.136,1769592404.1367764,-18.766212,39.690697,"-18.766212, 39.690697"
17:26:44.152,1769592404.1524513,-18.871786,39.572311,"-18.871786, 39.572311"
17:26:44.165,1769592404.1656077,-18.871786,39.572311,"-18.871786, 39.572311"
17:26:44.183,1769592404.184255,-18.871786,39.572311,"-18.871786, 39.572311"
17:26:44.187,1769592404.1877742,-19.066153,39.054047,"-19.066153, 39.054047"
17:26:44.202,1769592404.202597,-19.066153,39.054047,"-19.066153, 39.054047"
17:26:44.220,1769592404.2209647,-19.066153,39.054047,"-19.066153, 39.054047"
17:26:44.224,1769592404.2248878,-19.517548,38.048592,"-19.517548, 38.048592"
17:26:44.236,1769592404.2367241,-19.517548,38.048592,"-19.517548, 38.048592"
17:26:44.254,1769592404.2547057,-19.936756,37.498802,"-19.936756, 37.498802"
17:26:44.258,1769592404.2582192,-19.936756,37.498802,"-19.936756, 37.498802"
17:26:44.273,1769592404.2733788,-19.936756,37.498802,"-19.936756, 37.498802"
17:26:44.291,1769592404.2917683,-20.482178,36.940281,"-20.482178, 36.940281"
17:26:44.295,1769592404.2952027,-20.482178,36.940281,"-20.482178, 36.940281"
17:26:44.306,1769592404.3065464,-20.482178,36.940281,"-20.482178, 36.940281"
17:26:44.325,1769592404.3255231,-20.964418,35.58168,"-20.964418, 35.581680"
17:26:44.335,1769592404.3358054,-20.964418,35.58168,"-20.964418, 35.581680"
17:26:44.350,1769592404.350809,-21.660025,34.369644,"-21.660025, 34.369644"
17:26:44.357,1769592404.3575652,-21.660025,34.369644,"-21.660025, 34.369644"
17:26:44.368,1769592404.368767,-21.660025,34.369644,"-21.660025, 34.369644"
17:26:44.386,1769592404.386794,-22.431931,34.119339,"-22.431931, 34.119339"
17:26:44.390,1769592404.3903074,-22.431931,34.119339,"-22.431931, 34.119339"
17:26:44.406,1769592404.406014,-22.431931,34.119339,"-22.431931, 34.119339"
17:26:44.422,1769592404.4229476,-23.337048,33.748188,"-23.337048, 33.748188"
17:26:44.427,1769592404.427179,-23.337048,33.748188,"-23.337048, 33.748188"
17:26:44.442,1769592404.4421387,-23.707504,32.847206,"-23.707504, 32.847206"
17:26:44.460,1769592404.4604692,-23.707504,32.847206,"-23.707504, 32.847206"
17:26:44.465,1769592404.4652956,-23.707504,32.847206,"-23.707504, 32.847206"
17:26:44.467,1769592404.4677985,-24.341671,33.030602,"-24.341671, 33.030602"
17:26:44.481,1769592404.4811747,-24.341671,33.030602,"-24.341671, 33.030602"
17:26:44.503,1769592404.5035117,-24.341671,33.030602,"-24.341671, 33.030602"
17:26:44.509,1769592404.509383,-24.394693,33.62532,"-24.394693, 33.625320"
17:26:44.525,1769592404.5254476,-24.394693,33.62532,"-24.394693, 33.625320"
17:26:44.537,1769592404.5372562,-25.063255,34.229195,"-25.063255, 34.229195"
17:26:44.551,1769592404.55145,-25.063255,34.229195,"-25.063255, 34.229195"
17:26:44.567,1769592404.5678723,-25.063255,34.229195,"-25.063255, 34.229195"
17:26:44.571,1769592404.571031,-25.580315,34.470272,"-25.580315, 34.470272"
17:26:44.586,1769592404.586565,-25.580315,34.470272,"-25.580315, 34.470272"
17:26:44.600,1769592404.6004355,-25.580315,34.470272,"-25.580315, 34.470272"
17:26:44.603,1769592404.603491,-25.881107,35.224808,"-25.881107, 35.224808"
17:26:44.627,1769592404.6277587,-25.881107,35.224808,"-25.881107, 35.224808"
17:26:44.631,1769592404.6318843,-26.372458,35.908516,"-26.372458, 35.908516"
17:26:44.645,1769592404.645495,-26.372458,35.908516,"-26.372458, 35.908516"
17:26:44.660,1769592404.660186,-26.372458,35.908516,"-26.372458, 35.908516"
17:26:44.672,1769592404.6722271,-26.235741,36.268684,"-26.235741, 36.268684"
17:26:44.679,1769592404.6796875,-26.235741,36.268684,"-26.235741, 36.268684"
17:26:44.696,1769592404.6964934,-26.235741,36.268684,"-26.235741, 36.268684"
17:26:44.704,1769592404.7048936,-26.394011,36.410789,"-26.394011, 36.410789"
17:26:44.719,1769592404.7199268,-26.394011,36.410789,"-26.394011, 36.410789"
17:26:44.733,1769592404.7337563,-25.602638,35.578247,"-25.602638, 35.578247"
17:26:44.750,1769592404.750417,-25.602638,35.578247,"-25.602638, 35.578247"
17:26:44.753,1769592404.7534218,-25.602638,35.578247,"-25.602638, 35.578247"
17:26:44.766,1769592404.7665997,-25.150133,34.033703,"-25.150133, 34.033703"
17:26:44.769,1769592404.769807,-25.150133,34.033703,"-25.150133, 34.033703"
17:26:44.795,1769592404.79509,-25.150133,34.033703,"-25.150133, 34.033703"
17:26:44.806,1769592404.8067122,-24.80072,33.03141,"-24.800720, 33.031410"
17:26:44.815,1769592404.8157141,-24.80072,33.03141,"-24.800720, 33.031410"
17:26:44.829,1769592404.8290706,-24.30912,32.52441,"-24.309120, 32.524410"
17:26:44.840,1769592404.8402133,-24.30912,32.52441,"-24.309120, 32.524410"
17:26:44.855,1769592404.8555715,-24.30912,32.52441,"-24.309120, 32.524410"
17:26:44.858,1769592404.858594,-23.904015,32.742996,"-23.904015, 32.742996"
17:26:44.875,1769592404.8751004,-23.904015,32.742996,"-23.904015, 32.742996"
17:26:44.891,1769592404.8916373,-23.904015,32.742996,"-23.904015, 32.742996"
17:26:44.895,1769592404.8951552,-23.850279,33.669155,"-23.850279, 33.669155"
17:26:44.902,1769592404.9024322,-23.850279,33.669155,"-23.850279, 33.669155"
17:26:44.926,1769592404.9268022,-23.872255,34.813782,"-23.872255, 34.813782"
17:26:44.937,1769592404.9381402,-23.872255,34.813782,"-23.872255, 34.813782"
17:26:44.941,1769592404.9416618,-23.872255,34.813782,"-23.872255, 34.813782"
17:26:44.961,1769592404.9612422,-24.418694,35.619644,"-24.418694, 35.619644"
17:26:44.972,1769592404.9729252,-24.418694,35.619644,"-24.418694, 35.619644"
17:26:44.985,1769592404.98573,-24.418694,35.619644,"-24.418694, 35.619644"
17:26:44.997,1769592404.9976947,-24.954006,36.615173,"-24.954006, 36.615173"
17:26:45.004,1769592405.004614,-24.954006,36.615173,"-24.954006, 36.615173"
17:26:45.024,1769592405.0244186,-25.49704,37.544861,"-25.497040, 37.544861"
17:26:45.032,1769592405.0328386,-25.49704,37.544861,"-25.497040, 37.544861"
17:26:45.044,1769592405.044202,-25.49704,37.544861,"-25.497040, 37.544861"
17:26:45.061,1769592405.0615227,-25.359324,38.220963,"-25.359324, 38.220963"
17:26:45.065,1769592405.0655375,-25.359324,38.220963,"-25.359324, 38.220963"
17:26:45.079,1769592405.0794852,-25.359324,38.220963,"-25.359324, 38.220963"
17:26:45.101,1769592405.1016448,-24.881115,38.496384,"-24.881115, 38.496384"
17:26:45.104,1769592405.1041515,-24.881115,38.496384,"-24.881115, 38.496384"
17:26:45.105,1769592405.1057022,-23.592157,38.218422,"-23.592157, 38.218422"
17:26:45.132,1769592405.1322114,-23.592157,38.218422,"-23.592157, 38.218422"
17:26:45.134,1769592405.1340008,-23.592157,38.218422,"-23.592157, 38.218422"
17:26:45.153,1769592405.153925,-21.295071,38.080498,"-21.295071, 38.080498"
17:26:45.165,1769592405.1658478,-21.295071,38.080498,"-21.295071, 38.080498"
17:26:45.170,1769592405.1701312,-21.295071,38.080498,"-21.295071, 38.080498"
17:26:45.188,1769592405.1889927,-18.961599,37.107956,"-18.961599, 37.107956"
17:26:45.201,1769592405.2010775,-18.961599,37.107956,"-18.961599, 37.107956"
17:26:45.205,1769592405.2051828,-16.832043,35.405617,"-16.832043, 35.405617"
17:26:45.226,1769592405.2264946,-16.832043,35.405617,"-16.832043, 35.405617"
17:26:45.229,1769592405.2296367,-16.832043,35.405617,"-16.832043, 35.405617"
17:26:45.240,1769592405.2407753,-15.182512,33.515083,"-15.182512, 33.515083"
17:26:45.259,1769592405.2592766,-15.182512,33.515083,"-15.182512, 33.515083"
17:26:45.275,1769592405.2750313,-15.182512,33.515083,"-15.182512, 33.515083"
17:26:45.285,1769592405.2857633,-13.90893,32.291752,"-13.908930, 32.291752"
17:26:45.297,1769592405.2979774,-13.90893,32.291752,"-13.908930, 32.291752"
17:26:45.304,1769592405.3045204,-12.769325,31.373137,"-12.769325, 31.373137"
17:26:45.325,1769592405.3255355,-12.769325,31.373137,"-12.769325, 31.373137"
17:26:45.328,1769592405.328601,-12.769325,31.373137,"-12.769325, 31.373137"
17:26:45.350,1769592405.3503122,-12.188896,31.10825,"-12.188896, 31.108250"
17:26:45.353,1769592405.3533177,-12.188896,31.10825,"-12.188896, 31.108250"
17:26:45.366,1769592405.3664005,-12.188896,31.10825,"-12.188896, 31.108250"
17:26:45.369,1769592405.3691177,-11.943394,31.2827,"-11.943394, 31.282700"
17:26:45.384,1769592405.3855028,-11.943394,31.2827,"-11.943394, 31.282700"
17:26:45.405,1769592405.4058065,-11.842543,32.149529,"-11.842543, 32.149529"
17:26:45.413,1769592405.413308,-11.842543,32.149529,"-11.842543, 32.149529"
17:26:45.426,1769592405.4260132,-11.842543,32.149529,"-11.842543, 32.149529"
17:26:45.447,1769592405.4481416,-11.668077,32.898781,"-11.668077, 32.898781"
17:26:45.452,1769592405.4527159,-11.668077,32.898781,"-11.668077, 32.898781"
17:26:45.479,1769592405.479578,-11.668077,32.898781,"-11.668077, 32.898781"
17:26:45.482,1769592405.4820921,-10.878182,34.153633,"-10.878182, 34.153633"
17:26:45.488,1769592405.4889615,-10.878182,34.153633,"-10.878182, 34.153633"
17:26:45.501,1769592405.5014913,-9.841021,35.527149,"-9.841021, 35.527149"
17:26:45.507,1769592405.507078,-9.841021,35.527149,"-9.841021, 35.527149"
17:26:45.529,1769592405.5292888,-9.841021,35.527149,"-9.841021, 35.527149"
17:26:45.532,1769592405.5323038,-9.378475,37.050961,"-9.378475, 37.050961"
17:26:45.550,1769592405.5503132,-9.378475,37.050961,"-9.378475, 37.050961"
17:26:45.564,1769592405.5644298,-9.378475,37.050961,"-9.378475, 37.050961"
17:26:45.567,1769592405.567546,-9.384455,38.560181,"-9.384455, 38.560181"
17:26:45.571,1769592405.5713754,-9.384455,38.560181,"-9.384455, 38.560181"
17:26:45.599,1769592405.5994425,-9.79915,40.064911,"-9.799150, 40.064911"
17:26:45.612,1769592405.6128082,-9.79915,40.064911,"-9.799150, 40.064911"
17:26:45.615,1769592405.6158938,-9.79915,40.064911,"-9.799150, 40.064911"
17:26:45.635,1769592405.6356947,-10.299751,40.976463,"-10.299751, 40.976463"
17:26:45.639,1769592405.639933,-10.299751,40.976463,"-10.299751, 40.976463"
17:26:45.656,1769592405.6573095,-10.299751,40.976463,"-10.299751, 40.976463"
17:26:45.669,1769592405.6697745,-10.782602,41.586044,"-10.782602, 41.586044"
17:26:45.673,1769592405.673297,-10.782602,41.586044,"-10.782602, 41.586044"
17:26:45.692,1769592405.6927218,-11.005613,42.171616,"-11.005613, 42.171616"
17:26:45.700,1769592405.7001524,-11.005613,42.171616,"-11.005613, 42.171616"
17:26:45.712,1769592405.7120166,-11.005613,42.171616,"-11.005613, 42.171616"
17:26:45.727,1769592405.7273674,-11.262688,42.383331,"-11.262688, 42.383331"
17:26:45.741,1769592405.7418923,-11.262688,42.383331,"-11.262688, 42.383331"
17:26:45.746,1769592405.7463803,-11.262688,42.383331,"-11.262688, 42.383331"
17:26:45.764,1769592405.7643497,-11.727661,42.062923,"-11.727661, 42.062923"
17:26:45.776,1769592405.7766283,-11.727661,42.062923,"-11.727661, 42.062923"
17:26:45.790,1769592405.7904189,-11.761797,41.254402,"-11.761797, 41.254402"
17:26:45.802,1769592405.8023953,-11.761797,41.254402,"-11.761797, 41.254402"
17:26:45.818,1769592405.8182366,-11.761797,41.254402,"-11.761797, 41.254402"
17:26:45.823,1769592405.8232698,-11.588768,40.139091,"-11.588768, 40.139091"
17:26:45.840,1769592405.840436,-11.588768,40.139091,"-11.588768, 40.139091"
17:26:45.843,1769592405.8434653,-11.588768,40.139091,"-11.588768, 40.139091"
17:26:45.861,1769592405.8614516,-11.252026,39.567226,"-11.252026, 39.567226"
17:26:45.872,1769592405.8720386,-11.252026,39.567226,"-11.252026, 39.567226"
17:26:45.882,1769592405.8820777,-11.014712,39.201653,"-11.014712, 39.201653"
17:26:45.895,1769592405.8952582,-11.014712,39.201653,"-11.014712, 39.201653"
17:26:45.907,1769592405.9070675,-11.014712,39.201653,"-11.014712, 39.201653"
17:26:45.909,1769592405.9095752,-10.324948,39.166931,"-10.324948, 39.166931"
17:26:45.928,1769592405.928707,-10.324948,39.166931,"-10.324948, 39.166931"
17:26:45.945,1769592405.9453669,-10.324948,39.166931,"-10.324948, 39.166931"
17:26:45.948,1769592405.9480412,-9.743407,39.001404,"-9.743407, 39.001404"
17:26:45.970,1769592405.9702835,-9.743407,39.001404,"-9.743407, 39.001404"
17:26:45.981,1769592405.981044,-9.463051,38.641068,"-9.463051, 38.641068"
17:26:45.983,1769592405.983666,-9.463051,38.641068,"-9.463051, 38.641068"
17:26:46.004,1769592406.004924,-9.463051,38.641068,"-9.463051, 38.641068"
17:26:46.015,1769592406.015568,-9.365837,37.853348,"-9.365837, 37.853348"
17:26:46.032,1769592406.03216,-9.365837,37.853348,"-9.365837, 37.853348"
17:26:46.036,1769592406.0367546,-9.365837,37.853348,"-9.365837, 37.853348"
17:26:46.052,1769592406.0527632,-9.580755,36.825203,"-9.580755, 36.825203"
17:26:46.065,1769592406.065995,-9.580755,36.825203,"-9.580755, 36.825203"
17:26:46.078,1769592406.0786152,-9.522943,36.206097,"-9.522943, 36.206097"
17:26:46.082,1769592406.0821435,-9.522943,36.206097,"-9.522943, 36.206097"
17:26:46.102,1769592406.1028287,-9.522943,36.206097,"-9.522943, 36.206097"
17:26:46.112,1769592406.1128528,-9.806309,35.44978,"-9.806309, 35.449780"
17:26:46.123,1769592406.12316,-9.806309,35.44978,"-9.806309, 35.449780"
17:26:46.138,1769592406.1383133,-9.806309,35.44978,"-9.806309, 35.449780"
17:26:46.142,1769592406.1428273,-9.877904,34.79311,"-9.877904, 34.793110"
17:26:46.158,1769592406.1592429,-9.877904,34.79311,"-9.877904, 34.793110"
17:26:46.175,1769592406.175424,-10.290817,34.327087,"-10.290817, 34.327087"
17:26:46.180,1769592406.1800296,-10.290817,34.327087,"-10.290817, 34.327087"
17:26:46.183,1769592406.1834705,-10.290817,34.327087,"-10.290817, 34.327087"
17:26:46.207,1769592406.2076588,-10.53784,34.044403,"-10.537840, 34.044403"
17:26:46.220,1769592406.2201624,-10.53784,34.044403,"-10.537840, 34.044403"
17:26:46.234,1769592406.2342875,-10.53784,34.044403,"-10.537840, 34.044403"
17:26:46.241,1769592406.241937,-10.814149,34.031509,"-10.814149, 34.031509"
17:26:46.253,1769592406.2533476,-10.814149,34.031509,"-10.814149, 34.031509"
17:26:46.271,1769592406.2714007,-11.19395,34.167389,"-11.193950, 34.167389"
17:26:46.274,1769592406.274518,-11.19395,34.167389,"-11.193950, 34.167389"
17:26:46.288,1769592406.2889712,-11.19395,34.167389,"-11.193950, 34.167389"
17:26:46.306,1769592406.3078911,-11.536575,34.068165,"-11.536575, 34.068165"
17:26:46.311,1769592406.3114235,-11.536575,34.068165,"-11.536575, 34.068165"
17:26:46.327,1769592406.3275752,-11.536575,34.068165,"-11.536575, 34.068165"
17:26:46.345,1769592406.345439,-11.854315,33.747299,"-11.854315, 33.747299"
17:26:46.348,1769592406.348023,-11.854315,33.747299,"-11.854315, 33.747299"
17:26:46.363,1769592406.363277,-12.027132,33.34948,"-12.027132, 33.349480"
17:26:46.378,1769592406.378272,-12.027132,33.34948,"-12.027132, 33.349480"
17:26:46.382,1769592406.3827462,-12.027132,33.34948,"-12.027132, 33.349480"
17:26:46.391,1769592406.3911493,-12.678679,33.095024,"-12.678679, 33.095024"
17:26:46.409,1769592406.4097168,-12.678679,33.095024,"-12.678679, 33.095024"
17:26:46.423,1769592406.4232028,-12.678679,33.095024,"-12.678679, 33.095024"
17:26:46.436,1769592406.4363925,-13.48083,32.962341,"-13.480830, 32.962341"
17:26:46.450,1769592406.4500265,-13.48083,32.962341,"-13.480830, 32.962341"
17:26:46.453,1769592406.4536572,-14.50563,32.687233,"-14.505630, 32.687233"
17:26:46.475,1769592406.47516,-14.50563,32.687233,"-14.505630, 32.687233"
17:26:46.481,1769592406.4822812,-14.50563,32.687233,"-14.505630, 32.687233"
17:26:46.496,1769592406.4967344,-15.700329,32.652225,"-15.700329, 32.652225"
17:26:46.516,1769592406.5166638,-15.700329,32.652225,"-15.700329, 32.652225"
17:26:46.520,1769592406.5217595,-15.700329,32.652225,"-15.700329, 32.652225"
17:26:46.536,1769592406.536126,-16.92354,32.859081,"-16.923540, 32.859081"
17:26:46.539,1769592406.5391805,-16.92354,32.859081,"-16.923540, 32.859081"
17:26:46.556,1769592406.5568066,-17.251783,32.141991,"-17.251783, 32.141991"
17:26:46.569,1769592406.569789,-17.251783,32.141991,"-17.251783, 32.141991"
17:26:46.577,1769592406.578021,-17.251783,32.141991,"-17.251783, 32.141991"
17:26:46.590,1769592406.5902307,-17.348822,31.381603,"-17.348822, 31.381603"
17:26:46.604,1769592406.604807,-17.348822,31.381603,"-17.348822, 31.381603"
17:26:46.615,1769592406.6159494,-17.348822,31.381603,"-17.348822, 31.381603"
17:26:46.624,1769592406.624005,-17.10849,31.056759,"-17.108490, 31.056759"
17:26:46.640,1769592406.6417732,-17.10849,31.056759,"-17.108490, 31.056759"
17:26:46.648,1769592406.648751,-16.696808,31.261505,"-16.696808, 31.261505"
17:26:46.663,1769592406.6632912,-16.696808,31.261505,"-16.696808, 31.261505"
17:26:46.679,1769592406.6798148,-16.696808,31.261505,"-16.696808, 31.261505"
17:26:46.683,1769592406.6838613,-16.165403,31.86055,"-16.165403, 31.860550"
17:26:46.698,1769592406.699585,-16.165403,31.86055,"-16.165403, 31.860550"
17:26:46.711,1769592406.7113204,-16.165403,31.86055,"-16.165403, 31.860550"
17:26:46.722,1769592406.7230072,-15.707311,33.00782,"-15.707311, 33.007820"
17:26:46.741,1769592406.741528,-15.707311,33.00782,"-15.707311, 33.007820"
17:26:46.745,1769592406.7450302,-15.178293,33.977234,"-15.178293, 33.977234"
17:26:46.768,1769592406.7686996,-15.178293,33.977234,"-15.178293, 33.977234"
17:26:46.773,1769592406.77307,-15.178293,33.977234,"-15.178293, 33.977234"
17:26:46.785,1769592406.7851386,-14.341824,34.96994,"-14.341824, 34.969940"
17:26:46.788,1769592406.7881591,-14.341824,34.96994,"-14.341824, 34.969940"
17:26:46.811,1769592406.811848,-14.341824,34.96994,"-14.341824, 34.969940"
17:26:46.815,1769592406.8153808,-14.429354,36.115299,"-14.429354, 36.115299"
17:26:46.831,1769592406.8310747,-14.429354,36.115299,"-14.429354, 36.115299"
17:26:46.842,1769592406.8429697,-14.834983,36.67646,"-14.834983, 36.676460"
17:26:46.854,1769592406.8549335,-14.834983,36.67646,"-14.834983, 36.676460"
17:26:46.871,1769592406.8717551,-14.834983,36.67646,"-14.834983, 36.676460"
17:26:46.879,1769592406.8799539,-15.003,36.50531,"-15.003000, 36.505310"
17:26:46.892,1769592406.8925226,-15.003,36.50531,"-15.003000, 36.505310"
17:26:46.905,1769592406.9051323,-15.003,36.50531,"-15.003000, 36.505310"
17:26:46.919,1769592406.9196746,-15.563313,36.279083,"-15.563313, 36.279083"
17:26:46.936,1769592406.9379146,-15.563313,36.279083,"-15.563313, 36.279083"
17:26:46.940,1769592406.9409187,-16.750443,35.922638,"-16.750443, 35.922638"
17:26:46.955,1769592406.95593,-16.750443,35.922638,"-16.750443, 35.922638"
17:26:46.957,1769592406.9579778,-16.750443,35.922638,"-16.750443, 35.922638"
17:26:46.978,1769592406.9785457,-17.825577,35.841923,"-17.825577, 35.841923"
17:26:46.996,1769592406.9964015,-17.825577,35.841923,"-17.825577, 35.841923"
17:26:47.005,1769592407.005042,-17.825577,35.841923,"-17.825577, 35.841923"
17:26:47.007,1769592407.007622,-18.314716,35.333923,"-18.314716, 35.333923"
17:26:47.021,1769592407.0214987,-18.314716,35.333923,"-18.314716, 35.333923"
17:26:47.025,1769592407.0250123,-18.526739,34.508087,"-18.526739, 34.508087"
17:26:47.052,1769592407.0526311,-18.526739,34.508087,"-18.526739, 34.508087"
17:26:47.058,1769592407.0581403,-18.526739,34.508087,"-18.526739, 34.508087"
17:26:47.073,1769592407.0737119,-18.605947,33.873787,"-18.605947, 33.873787"
17:26:47.077,1769592407.0771916,-18.605947,33.873787,"-18.605947, 33.873787"
17:26:47.092,1769592407.092265,-18.605947,33.873787,"-18.605947, 33.873787"
17:26:47.109,1769592407.109345,-18.765308,33.832214,"-18.765308, 33.832214"
17:26:47.127,1769592407.1273572,-18.765308,33.832214,"-18.765308, 33.832214"
17:26:47.131,1769592407.13221,-19.274445,34.249519,"-19.274445, 34.249519"
17:26:47.146,1769592407.1466963,-19.274445,34.249519,"-19.274445, 34.249519"
17:26:47.154,1769592407.1549335,-19.274445,34.249519,"-19.274445, 34.249519"
17:26:47.168,1769592407.1687212,-19.961664,34.846355,"-19.961664, 34.846355"
17:26:47.181,1769592407.1819913,-19.961664,34.846355,"-19.961664, 34.846355"
17:26:47.186,1769592407.1862044,-19.961664,34.846355,"-19.961664, 34.846355"
17:26:47.201,1769592407.2018054,-20.537144,35.326782,"-20.537144, 35.326782"
17:26:47.214,1769592407.214181,-20.537144,35.326782,"-20.537144, 35.326782"
17:26:47.230,1769592407.2303262,-20.985071,35.562347,"-20.985071, 35.562347"
17:26:47.240,1769592407.240379,-20.985071,35.562347,"-20.985071, 35.562347"
17:26:47.252,1769592407.2522614,-20.985071,35.562347,"-20.985071, 35.562347"
17:26:47.263,1769592407.2632256,-21.010387,35.209373,"-21.010387, 35.209373"
17:26:47.278,1769592407.2784524,-21.010387,35.209373,"-21.010387, 35.209373"
17:26:47.281,1769592407.2819705,-21.010387,35.209373,"-21.010387, 35.209373"
17:26:47.295,1769592407.2952342,-20.966515,34.745422,"-20.966515, 34.745422"
17:26:47.312,1769592407.3128958,-20.966515,34.745422,"-20.966515, 34.745422"
17:26:47.323,1769592407.3236086,-20.803101,34.741005,"-20.803101, 34.741005"
17:26:47.338,1769592407.3382297,-20.803101,34.741005,"-20.803101, 34.741005"
17:26:47.346,1769592407.3464582,-20.803101,34.741005,"-20.803101, 34.741005"
17:26:47.357,1769592407.357723,-20.94392,34.616791,"-20.943920, 34.616791"
17:26:47.375,1769592407.37596,-20.94392,34.616791,"-20.943920, 34.616791"
17:26:47.380,1769592407.3800228,-20.94392,34.616791,"-20.943920, 34.616791"
17:26:47.391,1769592407.3917048,-21.53126,34.918251,"-21.531260, 34.918251"
17:26:47.411,1769592407.4114442,-21.53126,34.918251,"-21.531260, 34.918251"
17:26:47.415,1769592407.415545,-22.221693,35.417255,"-22.221693, 35.417255"
17:26:47.433,1769592407.4332213,-22.221693,35.417255,"-22.221693, 35.417255"
17:26:47.445,1769592407.4454558,-22.221693,35.417255,"-22.221693, 35.417255"
17:26:47.457,1769592407.457079,-22.690523,35.84137,"-22.690523, 35.841370"
17:26:47.467,1769592407.4670694,-22.690523,35.84137,"-22.690523, 35.841370"
17:26:47.482,1769592407.482865,-22.690523,35.84137,"-22.690523, 35.841370"
17:26:47.485,1769592407.4850316,-22.770649,35.488953,"-22.770649, 35.488953"
17:26:47.502,1769592407.5025525,-22.770649,35.488953,"-22.770649, 35.488953"
17:26:47.514,1769592407.5148342,-22.700073,35.108498,"-22.700073, 35.108498"
17:26:47.526,1769592407.5265262,-22.700073,35.108498,"-22.700073, 35.108498"
17:26:47.539,1769592407.5399952,-22.700073,35.108498,"-22.700073, 35.108498"
17:26:47.553,1769592407.5539687,-21.891426,34.532021,"-21.891426, 34.532021"
17:26:47.589,1769592407.589622,-21.891426,34.532021,"-21.891426, 34.532021"
17:26:47.594,1769592407.5941339,-21.891426,34.532021,"-21.891426, 34.532021"
17:26:47.599,1769592407.5991728,-20.906807,34.214188,"-20.906807, 34.214188"
17:26:47.600,1769592407.6007242,-20.906807,34.214188,"-20.906807, 34.214188"
17:26:47.610,1769592407.6100445,-19.731052,34.053631,"-19.731052, 34.053631"
17:26:47.624,1769592407.6246767,-19.731052,34.053631,"-19.731052, 34.053631"
17:26:47.627,1769592407.6273706,-19.731052,34.053631,"-19.731052, 34.053631"
17:26:47.648,1769592407.6489215,-18.442772,34.226929,"-18.442772, 34.226929"
17:26:47.665,1769592407.665529,-18.442772,34.226929,"-18.442772, 34.226929"
17:26:47.671,1769592407.6715271,-18.442772,34.226929,"-18.442772, 34.226929"
17:26:47.684,1769592407.6843126,-17.522942,34.799255,"-17.522942, 34.799255"
17:26:47.688,1769592407.6883516,-17.522942,34.799255,"-17.522942, 34.799255"
17:26:47.706,1769592407.7066605,-16.494427,35.358223,"-16.494427, 35.358223"
17:26:47.724,1769592407.724545,-16.494427,35.358223,"-16.494427, 35.358223"
17:26:47.727,1769592407.7274399,-16.494427,35.358223,"-16.494427, 35.358223"
17:26:47.745,1769592407.745081,-16.433182,36.615391,"-16.433182, 36.615391"
17:26:47.760,1769592407.7602394,-16.433182,36.615391,"-16.433182, 36.615391"
17:26:47.764,1769592407.7643118,-16.433182,36.615391,"-16.433182, 36.615391"
17:26:47.777,1769592407.7772884,-16.330631,38.191341,"-16.330631, 38.191341"
17:26:47.798,1769592407.798015,-16.330631,38.191341,"-16.330631, 38.191341"
17:26:47.805,1769592407.8050196,-16.770155,39.895687,"-16.770155, 39.895687"
17:26:47.816,1769592407.8166666,-16.770155,39.895687,"-16.770155, 39.895687"
17:26:47.826,1769592407.826713,-16.770155,39.895687,"-16.770155, 39.895687"
17:26:47.844,1769592407.844199,-17.116133,41.673347,"-17.116133, 41.673347"
17:26:47.853,1769592407.8539298,-17.116133,41.673347,"-17.116133, 41.673347"
17:26:47.857,1769592407.8570127,-17.116133,41.673347,"-17.116133, 41.673347"
17:26:47.877,1769592407.8776238,-17.698971,42.922386,"-17.698971, 42.922386"
17:26:47.889,1769592407.8899415,-17.698971,42.922386,"-17.698971, 42.922386"
17:26:47.900,1769592407.9002264,-18.19726,44.077431,"-18.197260, 44.077431"
17:26:47.913,1769592407.9133258,-18.19726,44.077431,"-18.197260, 44.077431"
17:26:47.917,1769592407.9175272,-18.19726,44.077431,"-18.197260, 44.077431"
17:26:47.938,1769592407.9381053,-18.000656,44.312737,"-18.000656, 44.312737"
17:26:47.946,1769592407.9467058,-18.000656,44.312737,"-18.000656, 44.312737"
17:26:47.957,1769592407.9579074,-18.000656,44.312737,"-18.000656, 44.312737"
17:26:47.976,1769592407.9765642,-18.134987,44.543873,"-18.134987, 44.543873"
17:26:47.980,1769592407.9800906,-18.134987,44.543873,"-18.134987, 44.543873"
17:26:47.995,1769592407.9951856,-17.578629,43.784546,"-17.578629, 43.784546"
17:26:48.012,1769592408.0128493,-17.578629,43.784546,"-17.578629, 43.784546"
17:26:48.017,1769592408.0178652,-17.578629,43.784546,"-17.578629, 43.784546"
17:26:48.027,1769592408.0274444,-16.913586,42.005302,"-16.913586, 42.005302"
17:26:48.046,1769592408.0464501,-16.913586,42.005302,"-16.913586, 42.005302"
17:26:48.058,1769592408.0584521,-16.913586,42.005302,"-16.913586, 42.005302"
17:26:48.069,1769592408.0695982,-16.189857,40.501595,"-16.189857, 40.501595"
17:26:48.082,1769592408.0822544,-16.189857,40.501595,"-16.189857, 40.501595"
17:26:48.085,1769592408.0858674,-15.602119,39.803761,"-15.602119, 39.803761"
17:26:48.105,1769592408.1050944,-15.602119,39.803761,"-15.602119, 39.803761"
17:26:48.117,1769592408.1179287,-15.602119,39.803761,"-15.602119, 39.803761"
17:26:48.120,1769592408.1209848,-15.544443,39.678783,"-15.544443, 39.678783"
17:26:48.140,1769592408.1402287,-15.544443,39.678783,"-15.544443, 39.678783"
17:26:48.152,1769592408.1528997,-15.544443,39.678783,"-15.544443, 39.678783"
17:26:48.155,1769592408.1559188,-16.663126,40.128197,"-16.663126, 40.128197"
17:26:48.174,1769592408.1754923,-16.663126,40.128197,"-16.663126, 40.128197"
17:26:48.187,1769592408.187639,-17.286148,40.567509,"-17.286148, 40.567509"
17:26:48.190,1769592408.1906717,-17.286148,40.567509,"-17.286148, 40.567509"
17:26:48.212,1769592408.212921,-17.286148,40.567509,"-17.286148, 40.567509"
17:26:48.229,1769592408.2295237,-18.116875,41.153515,"-18.116875, 41.153515"
17:26:48.234,1769592408.2345612,-18.116875,41.153515,"-18.116875, 41.153515"
17:26:48.249,1769592408.2504218,-18.116875,41.153515,"-18.116875, 41.153515"
17:26:48.254,1769592408.25403,-18.749247,41.493523,"-18.749247, 41.493523"
17:26:48.270,1769592408.2705693,-18.749247,41.493523,"-18.749247, 41.493523"
17:26:48.284,1769592408.2842717,-19.865231,41.873108,"-19.865231, 41.873108"
17:26:48.293,1769592408.293355,-19.865231,41.873108,"-19.865231, 41.873108"
17:26:48.307,1769592408.3078823,-19.865231,41.873108,"-19.865231, 41.873108"
17:26:48.319,1769592408.3199754,-20.783535,42.240269,"-20.783535, 42.240269"
17:26:48.329,1769592408.3290915,-20.783535,42.240269,"-20.783535, 42.240269"
17:26:48.341,1769592408.3417068,-20.783535,42.240269,"-20.783535, 42.240269"
17:26:48.353,1769592408.3537421,-21.554092,42.466839,"-21.554092, 42.466839"
17:26:48.357,1769592408.3573434,-21.554092,42.466839,"-21.554092, 42.466839"
17:26:48.375,1769592408.3751845,-22.469849,42.85302,"-22.469849, 42.853020"
17:26:48.392,1769592408.3928814,-22.469849,42.85302,"-22.469849, 42.853020"
17:26:48.404,1769592408.404631,-22.469849,42.85302,"-22.469849, 42.853020"
17:26:48.416,1769592408.416491,-23.446611,43.659424,"-23.446611, 43.659424"
17:26:48.423,1769592408.4232676,-23.446611,43.659424,"-23.446611, 43.659424"
17:26:48.438,1769592408.4388363,-23.446611,43.659424,"-23.446611, 43.659424"
17:26:48.451,1769592408.45157,-23.880939,43.960297,"-23.880939, 43.960297"
17:26:48.466,1769592408.4660444,-23.880939,43.960297,"-23.880939, 43.960297"
17:26:48.480,1769592408.480078,-24.239801,44.061699,"-24.239801, 44.061699"
17:26:48.483,1769592408.4834752,-24.239801,44.061699,"-24.239801, 44.061699"
17:26:48.486,1769592408.4869895,-24.239801,44.061699,"-24.239801, 44.061699"
17:26:48.513,1769592408.5139017,-24.389771,44.183037,"-24.389771, 44.183037"
17:26:48.517,1769592408.5178099,-24.389771,44.183037,"-24.389771, 44.183037"
17:26:48.539,1769592408.539997,-24.389771,44.183037,"-24.389771, 44.183037"
17:26:48.544,1769592408.5440865,-25.096233,45.292793,"-25.096233, 45.292793"
17:26:48.557,1769592408.5574176,-25.096233,45.292793,"-25.096233, 45.292793"
17:26:48.576,1769592408.5766494,-25.64957,46.295128,"-25.649570, 46.295128"
17:26:48.579,1769592408.5796988,-25.64957,46.295128,"-25.649570, 46.295128"
17:26:48.592,1769592408.592375,-25.64957,46.295128,"-25.649570, 46.295128"
17:26:48.612,1769592408.6129758,-26.234917,47.246811,"-26.234917, 47.246811"
17:26:48.616,1769592408.6163936,-26.234917,47.246811,"-26.234917, 47.246811"
17:26:48.632,1769592408.63287,-26.234917,47.246811,"-26.234917, 47.246811"
17:26:48.645,1769592408.646746,-26.888489,48.589085,"-26.888489, 48.589085"
17:26:48.649,1769592408.6498659,-26.888489,48.589085,"-26.888489, 48.589085"
17:26:48.667,1769592408.667435,-27.180569,49.572899,"-27.180569, 49.572899"
17:26:48.682,1769592408.6821532,-27.180569,49.572899,"-27.180569, 49.572899"
17:26:48.684,1769592408.6846743,-27.180569,49.572899,"-27.180569, 49.572899"
17:26:48.704,1769592408.7041597,-26.349241,49.449993,"-26.349241, 49.449993"
17:26:48.717,1769592408.717531,-26.349241,49.449993,"-26.349241, 49.449993"
17:26:48.721,1769592408.7211878,-26.349241,49.449993,"-26.349241, 49.449993"
17:26:48.739,1769592408.7395914,-25.656984,49.159664,"-25.656984, 49.159664"
17:26:48.751,1769592408.7518785,-25.656984,49.159664,"-25.656984, 49.159664"
17:26:48.755,1769592408.7559829,-25.27541,48.325249,"-25.275410, 48.325249"
17:26:48.777,1769592408.7775288,-25.27541,48.325249,"-25.275410, 48.325249"
17:26:48.781,1769592408.7820735,-25.27541,48.325249,"-25.275410, 48.325249"
17:26:48.796,1769592408.7965846,-24.522917,46.567547,"-24.522917, 46.567547"
17:26:48.809,1769592408.8095102,-24.522917,46.567547,"-24.522917, 46.567547"
17:26:48.822,1769592408.8222618,-24.522917,46.567547,"-24.522917, 46.567547"
17:26:48.830,1769592408.8309472,-23.372929,44.978497,"-23.372929, 44.978497"
17:26:48.845,1769592408.8451526,-23.372929,44.978497,"-23.372929, 44.978497"
17:26:48.858,1769592408.858559,-22.699862,43.869972,"-22.699862, 43.869972"
17:26:48.866,1769592408.866335,-22.699862,43.869972,"-22.699862, 43.869972"
17:26:48.882,1769592408.8821535,-22.699862,43.869972,"-22.699862, 43.869972"
17:26:48.898,1769592408.8981164,-22.225348,43.047756,"-22.225348, 43.047756"
17:26:48.907,1769592408.9070463,-22.225348,43.047756,"-22.225348, 43.047756"
17:26:48.918,1769592408.9189327,-22.225348,43.047756,"-22.225348, 43.047756"
17:26:48.932,1769592408.9322398,-22.32304,42.786255,"-22.323040, 42.786255"
17:26:48.940,1769592408.9405646,-22.32304,42.786255,"-22.323040, 42.786255"
17:26:48.953,1769592408.9534144,-22.970444,43.366318,"-22.970444, 43.366318"
17:26:48.996,1769592408.9966264,-22.970444,43.366318,"-22.970444, 43.366318"
17:26:49.001,1769592409.0019624,-22.970444,43.366318,"-22.970444, 43.366318"
17:26:49.003,1769592409.0036647,-24.030285,44.720917,"-24.030285, 44.720917"
17:26:49.005,1769592409.0059571,-24.030285,44.720917,"-24.030285, 44.720917"
17:26:49.017,1769592409.0178106,-24.030285,44.720917,"-24.030285, 44.720917"
17:26:49.020,1769592409.0209925,-25.26284,46.111885,"-25.262840, 46.111885"
17:26:49.054,1769592409.0543501,-25.26284,46.111885,"-25.262840, 46.111885"
17:26:49.056,1769592409.0564282,-26.694452,47.740196,"-26.694452, 47.740196"
17:26:49.065,1769592409.0657358,-26.694452,47.740196,"-26.694452, 47.740196"
17:26:49.072,1769592409.0721092,-26.694452,47.740196,"-26.694452, 47.740196"
17:26:49.083,1769592409.08374,-28.035543,49.166958,"-28.035543, 49.166958"
17:26:49.121,1769592409.1211612,-28.035543,49.166958,"-28.035543, 49.166958"
17:26:49.127,1769592409.1272058,-28.035543,49.166958,"-28.035543, 49.166958"
17:26:49.129,1769592409.1297927,-28.919781,49.992798,"-28.919781, 49.992798"
17:26:49.134,1769592409.1340292,-28.919781,49.992798,"-28.919781, 49.992798"
17:26:49.178,1769592409.1789565,-28.905716,50.035435,"-28.905716, 50.035435"
17:26:49.183,1769592409.1833344,-28.905716,50.035435,"-28.905716, 50.035435"
17:26:49.187,1769592409.187886,-28.905716,50.035435,"-28.905716, 50.035435"
17:26:49.189,1769592409.1899045,-29.447948,50.331451,"-29.447948, 50.331451"
17:26:49.195,1769592409.1950893,-29.447948,50.331451,"-29.447948, 50.331451"
17:26:49.241,1769592409.2415533,-29.447948,50.331451,"-29.447948, 50.331451"
17:26:49.245,1769592409.2451706,-29.806854,50.673836,"-29.806854, 50.673836"
17:26:49.247,1769592409.2476933,-29.806854,50.673836,"-29.806854, 50.673836"
17:26:49.254,1769592409.2549663,-30.256849,51.132088,"-30.256849, 51.132088"
17:26:49.256,1769592409.2569804,-30.256849,51.132088,"-30.256849, 51.132088"
17:26:49.260,1769592409.2601883,-30.256849,51.132088,"-30.256849, 51.132088"
17:26:49.300,1769592409.3007576,-30.661625,51.237816,"-30.661625, 51.237816"
17:26:49.303,1769592409.3033404,-30.661625,51.237816,"-30.661625, 51.237816"
17:26:49.306,1769592409.3064604,-30.661625,51.237816,"-30.661625, 51.237816"
17:26:49.311,1769592409.3112826,-31.373047,51.548595,"-31.373047, 51.548595"
17:26:49.324,1769592409.324593,-31.373047,51.548595,"-31.373047, 51.548595"
17:26:49.328,1769592409.3286688,-31.607487,51.214394,"-31.607487, 51.214394"
17:26:49.361,1769592409.3614483,-31.607487,51.214394,"-31.607487, 51.214394"
17:26:49.363,1769592409.3634915,-31.607487,51.214394,"-31.607487, 51.214394"
17:26:49.374,1769592409.3746579,-32.244465,51.246964,"-32.244465, 51.246964"
17:26:49.391,1769592409.3915956,-32.244465,51.246964,"-32.244465, 51.246964"
17:26:49.392,1769592409.3926601,-32.244465,51.246964,"-32.244465, 51.246964"
17:26:49.428,1769592409.4288077,-32.153297,50.476067,"-32.153297, 50.476067"
17:26:49.433,1769592409.433326,-32.153297,50.476067,"-32.153297, 50.476067"
17:26:49.438,1769592409.4383643,-32.259377,49.425346,"-32.259377, 49.425346"
17:26:49.445,1769592409.445224,-32.259377,49.425346,"-32.259377, 49.425346"
17:26:49.487,1769592409.4874947,-32.259377,49.425346,"-32.259377, 49.425346"
17:26:49.492,1769592409.492689,-31.940784,47.57877,"-31.940784, 47.578770"
17:26:49.495,1769592409.495219,-31.940784,47.57877,"-31.940784, 47.578770"
17:26:49.497,1769592409.4978962,-31.940784,47.57877,"-31.940784, 47.578770"
17:26:49.508,1769592409.50823,-31.09444,45.437778,"-31.094440, 45.437778"
17:26:49.547,1769592409.5479386,-31.09444,45.437778,"-31.094440, 45.437778"
17:26:49.550,1769592409.550025,-30.800619,43.32563,"-30.800619, 43.325630"
17:26:49.554,1769592409.5549366,-30.800619,43.32563,"-30.800619, 43.325630"
17:26:49.556,1769592409.5578754,-30.800619,43.32563,"-30.800619, 43.325630"
17:26:49.561,1769592409.5614514,-30.289101,40.760368,"-30.289101, 40.760368"
17:26:49.575,1769592409.5758939,-30.289101,40.760368,"-30.289101, 40.760368"
17:26:49.588,1769592409.5885382,-30.289101,40.760368,"-30.289101, 40.760368"
17:26:49.592,1769592409.5920498,-30.241615,38.427902,"-30.241615, 38.427902"
17:26:49.620,1769592409.6203356,-30.241615,38.427902,"-30.241615, 38.427902"
17:26:49.623,1769592409.6233826,-30.357956,37.377792,"-30.357956, 37.377792"
17:26:49.640,1769592409.6400795,-30.357956,37.377792,"-30.357956, 37.377792"
17:26:49.656,1769592409.6566052,-30.357956,37.377792,"-30.357956, 37.377792"
17:26:49.658,1769592409.6586077,-30.867672,36.51899,"-30.867672, 36.518990"
17:26:49.675,1769592409.6750152,-30.867672,36.51899,"-30.867672, 36.518990"
17:26:49.684,1769592409.6841702,-30.867672,36.51899,"-30.867672, 36.518990"
17:26:49.702,1769592409.7025435,-30.992077,35.599503,"-30.992077, 35.599503"
17:26:49.705,1769592409.7066405,-30.992077,35.599503,"-30.992077, 35.599503"
17:26:49.722,1769592409.7222724,-31.435005,35.269638,"-31.435005, 35.269638"
17:26:49.735,1769592409.7355897,-31.435005,35.269638,"-31.435005, 35.269638"
17:26:49.748,1769592409.748934,-31.435005,35.269638,"-31.435005, 35.269638"
17:26:49.753,1769592409.7537048,-31.75708,34.759392,"-31.757080, 34.759392"
17:26:49.777,1769592409.7774482,-31.75708,34.759392,"-31.757080, 34.759392"
17:26:49.783,1769592409.783284,-31.75708,34.759392,"-31.757080, 34.759392"
17:26:49.795,1769592409.7952712,-31.939098,34.34277,"-31.939098, 34.342770"
17:26:49.803,1769592409.803378,-31.939098,34.34277,"-31.939098, 34.342770"
17:26:49.821,1769592409.8210857,-32.191132,34.102413,"-32.191132, 34.102413"
17:26:49.824,1769592409.8245955,-32.191132,34.102413,"-32.191132, 34.102413"
17:26:49.845,1769592409.8466547,-32.191132,34.102413,"-32.191132, 34.102413"
17:26:49.856,1769592409.856551,-32.341316,34.018829,"-32.341316, 34.018829"
17:26:49.868,1769592409.8687608,-32.341316,34.018829,"-32.341316, 34.018829"
17:26:49.882,1769592409.882277,-32.341316,34.018829,"-32.341316, 34.018829"
17:26:49.885,1769592409.8856401,-32.281864,34.182545,"-32.281864, 34.182545"
17:26:49.893,1769592409.8933003,-32.281864,34.182545,"-32.281864, 34.182545"
17:26:49.915,1769592409.9154236,-32.232391,34.192978,"-32.232391, 34.192978"
17:26:49.927,1769592409.9276998,-32.232391,34.192978,"-32.232391, 34.192978"
17:26:49.941,1769592409.9414434,-32.232391,34.192978,"-32.232391, 34.192978"
17:26:49.946,1769592409.9465442,-31.855289,34.127838,"-31.855289, 34.127838"
17:26:49.958,1769592409.9588897,-31.855289,34.127838,"-31.855289, 34.127838"
17:26:49.976,1769592409.9765754,-31.855289,34.127838,"-31.855289, 34.127838"
17:26:49.990,1769592409.990414,-31.296379,33.710579,"-31.296379, 33.710579"
17:26:49.997,1769592409.9978878,-31.296379,33.710579,"-31.296379, 33.710579"
17:26:50.011,1769592410.0112193,-30.363262,32.968842,"-30.363262, 32.968842"
17:26:50.023,1769592410.0231519,-30.363262,32.968842,"-30.363262, 32.968842"
17:26:50.027,1769592410.0273483,-30.363262,32.968842,"-30.363262, 32.968842"
17:26:50.050,1769592410.0501525,-29.425508,31.878452,"-29.425508, 31.878452"
17:26:50.065,1769592410.0658727,-29.425508,31.878452,"-29.425508, 31.878452"
17:26:50.070,1769592410.0705462,-29.425508,31.878452,"-29.425508, 31.878452"
17:26:50.081,1769592410.0819688,-28.750774,30.767128,"-28.750774, 30.767128"
17:26:50.095,1769592410.0950286,-28.750774,30.767128,"-28.750774, 30.767128"
17:26:50.109,1769592410.1095777,-28.375053,29.860199,"-28.375053, 29.860199"
17:26:50.120,1769592410.120976,-28.375053,29.860199,"-28.375053, 29.860199"
17:26:50.136,1769592410.1367638,-28.375053,29.860199,"-28.375053, 29.860199"
17:26:50.141,1769592410.1427906,-28.783516,29.566034,"-28.783516, 29.566034"
17:26:50.154,1769592410.1545396,-28.783516,29.566034,"-28.783516, 29.566034"
17:26:50.167,1769592410.1679492,-28.783516,29.566034,"-28.783516, 29.566034"
17:26:50.174,1769592410.1740685,-29.302811,29.497101,"-29.302811, 29.497101"
17:26:50.188,1769592410.1886806,-29.302811,29.497101,"-29.302811, 29.497101"
17:26:50.191,1769592410.1919506,-30.024069,29.481579,"-30.024069, 29.481579"
17:26:50.214,1769592410.2143333,-30.024069,29.481579,"-30.024069, 29.481579"
17:26:50.228,1769592410.2287943,-30.024069,29.481579,"-30.024069, 29.481579"
17:26:50.235,1769592410.2357974,-30.587822,29.974911,"-30.587822, 29.974911"
17:26:50.251,1769592410.2513454,-30.587822,29.974911,"-30.587822, 29.974911"
17:26:50.262,1769592410.2625723,-30.587822,29.974911,"-30.587822, 29.974911"
17:26:50.279,1769592410.27991,-31.147875,30.836781,"-31.147875, 30.836781"
17:26:50.283,1769592410.2839985,-31.147875,30.836781,"-31.147875, 30.836781"
17:26:50.303,1769592410.3037648,-31.229267,30.903084,"-31.229267, 30.903084"
17:26:50.315,1769592410.3155077,-31.229267,30.903084,"-31.229267, 30.903084"
17:26:50.317,1769592410.3175774,-31.229267,30.903084,"-31.229267, 30.903084"
17:26:50.333,1769592410.3339903,-30.973978,31.33823,"-30.973978, 31.338230"
17:26:50.351,1769592410.351325,-30.973978,31.33823,"-30.973978, 31.338230"
17:26:50.354,1769592410.3549712,-30.973978,31.33823,"-30.973978, 31.338230"
17:26:50.374,1769592410.3740084,-31.264151,32.305851,"-31.264151, 32.305851"
17:26:50.382,1769592410.3827324,-31.264151,32.305851,"-31.264151, 32.305851"
17:26:50.393,1769592410.3932068,-31.326496,33.740295,"-31.326496, 33.740295"
17:26:50.414,1769592410.414201,-31.326496,33.740295,"-31.326496, 33.740295"
17:26:50.417,1769592410.4177642,-31.326496,33.740295,"-31.326496, 33.740295"
17:26:50.432,1769592410.4322486,-31.748821,35.241932,"-31.748821, 35.241932"
17:26:50.444,1769592410.4449697,-31.748821,35.241932,"-31.748821, 35.241932"
17:26:50.450,1769592410.450615,-31.748821,35.241932,"-31.748821, 35.241932"
17:26:50.461,1769592410.4619353,-31.418201,34.920998,"-31.418201, 34.920998"
17:26:50.482,1769592410.4823015,-31.418201,34.920998,"-31.418201, 34.920998"
17:26:50.488,1769592410.4881933,-30.541603,33.677704,"-30.541603, 33.677704"
17:26:50.491,1769592410.4915426,-30.541603,33.677704,"-30.541603, 33.677704"
17:26:50.519,1769592410.5194573,-30.541603,33.677704,"-30.541603, 33.677704"
17:26:50.527,1769592410.5275283,-29.84642,31.980478,"-29.846420, 31.980478"
17:26:50.541,1769592410.5416265,-29.84642,31.980478,"-29.846420, 31.980478"
17:26:50.550,1769592410.5516174,-29.84642,31.980478,"-29.846420, 31.980478"
17:26:50.561,1769592410.5619671,-29.124094,30.167736,"-29.124094, 30.167736"
17:26:50.576,1769592410.5767865,-29.124094,30.167736,"-29.124094, 30.167736"
17:26:50.589,1769592410.5894601,-28.646099,28.593285,"-28.646099, 28.593285"
17:26:50.593,1769592410.5939724,-28.646099,28.593285,"-28.646099, 28.593285"
17:26:50.620,1769592410.6202896,-28.646099,28.593285,"-28.646099, 28.593285"
17:26:50.626,1769592410.626575,-27.844444,27.692314,"-27.844444, 27.692314"
17:26:50.639,1769592410.6405218,-27.844444,27.692314,"-27.844444, 27.692314"
17:26:50.647,1769592410.6475182,-27.844444,27.692314,"-27.844444, 27.692314"
17:26:50.664,1769592410.6644442,-26.456203,27.034454,"-26.456203, 27.034454"
17:26:50.667,1769592410.6674273,-26.456203,27.034454,"-26.456203, 27.034454"
17:26:50.684,1769592410.6840684,-26.268068,27.179142,"-26.268068, 27.179142"
17:26:50.691,1769592410.6916366,-26.268068,27.179142,"-26.268068, 27.179142"
17:26:50.705,1769592410.7055519,-26.268068,27.179142,"-26.268068, 27.179142"
17:26:50.716,1769592410.716336,-26.735933,27.254524,"-26.735933, 27.254524"
17:26:50.734,1769592410.7347763,-26.735933,27.254524,"-26.735933, 27.254524"
17:26:50.738,1769592410.7387373,-26.735933,27.254524,"-26.735933, 27.254524"
17:26:50.759,1769592410.7598772,-27.344337,27.255663,"-27.344337, 27.255663"
17:26:50.761,1769592410.7619383,-27.344337,27.255663,"-27.344337, 27.255663"
17:26:50.777,1769592410.777544,-27.439322,27.178232,"-27.439322, 27.178232"
17:26:50.800,1769592410.8001478,-27.439322,27.178232,"-27.439322, 27.178232"
17:26:50.807,1769592410.8075762,-27.439322,27.178232,"-27.439322, 27.178232"
17:26:50.811,1769592410.811141,-27.3321,27.605618,"-27.332100, 27.605618"
17:26:50.824,1769592410.8240154,-27.3321,27.605618,"-27.332100, 27.605618"
17:26:50.836,1769592410.836887,-27.3321,27.605618,"-27.332100, 27.605618"
17:26:50.854,1769592410.8540645,-27.18405,28.221798,"-27.184050, 28.221798"
17:26:50.857,1769592410.8572352,-27.18405,28.221798,"-27.184050, 28.221798"
17:26:50.872,1769592410.8728056,-26.369602,28.333998,"-26.369602, 28.333998"
17:26:50.886,1769592410.8864949,-26.369602,28.333998,"-26.369602, 28.333998"
17:26:50.898,1769592410.898915,-26.369602,28.333998,"-26.369602, 28.333998"
17:26:50.926,1769592410.926197,-26.062916,29.543703,"-26.062916, 29.543703"
17:26:50.931,1769592410.931436,-26.062916,29.543703,"-26.062916, 29.543703"
17:26:50.936,1769592410.9365208,-26.062916,29.543703,"-26.062916, 29.543703"
17:26:50.945,1769592410.9451666,-26.322681,30.569965,"-26.322681, 30.569965"
17:26:50.956,1769592410.956886,-26.322681,30.569965,"-26.322681, 30.569965"
17:26:50.966,1769592410.9664233,-26.062733,31.347542,"-26.062733, 31.347542"
17:26:50.988,1769592410.9889631,-26.062733,31.347542,"-26.062733, 31.347542"
17:26:50.990,1769592410.9909697,-26.062733,31.347542,"-26.062733, 31.347542"
17:26:51.006,1769592411.0067904,-25.859192,31.451281,"-25.859192, 31.451281"
17:26:51.022,1769592411.02245,-25.859192,31.451281,"-25.859192, 31.451281"
17:26:51.032,1769592411.0322175,-25.859192,31.451281,"-25.859192, 31.451281"
17:26:51.040,1769592411.0402033,-25.67524,31.320877,"-25.675240, 31.320877"
17:26:51.055,1769592411.0557208,-25.67524,31.320877,"-25.675240, 31.320877"
17:26:51.060,1769592411.0603983,-25.813007,30.884178,"-25.813007, 30.884178"
17:26:51.078,1769592411.0783195,-25.813007,30.884178,"-25.813007, 30.884178"
17:26:51.091,1769592411.09294,-25.813007,30.884178,"-25.813007, 30.884178"
17:26:51.096,1769592411.0964682,-26.145561,30.549465,"-26.145561, 30.549465"
17:26:51.114,1769592411.1141758,-26.145561,30.549465,"-26.145561, 30.549465"
17:26:51.132,1769592411.132755,-26.145561,30.549465,"-26.145561, 30.549465"
17:26:51.136,1769592411.1365747,-26.634342,30.092846,"-26.634342, 30.092846"
17:26:51.148,1769592411.1491268,-26.634342,30.092846,"-26.634342, 30.092846"
17:26:51.165,1769592411.1654842,-27.063299,30.052896,"-27.063299, 30.052896"
17:26:51.171,1769592411.1716936,-27.063299,30.052896,"-27.063299, 30.052896"
17:26:51.186,1769592411.1869578,-27.063299,30.052896,"-27.063299, 30.052896"
17:26:51.199,1769592411.1999319,-27.093605,29.980347,"-27.093605, 29.980347"
17:26:51.209,1769592411.2097547,-27.093605,29.980347,"-27.093605, 29.980347"
17:26:51.221,1769592411.2212343,-27.093605,29.980347,"-27.093605, 29.980347"
17:26:51.238,1769592411.2382004,-26.983967,30.268934,"-26.983967, 30.268934"
17:26:51.242,1769592411.2420905,-26.983967,30.268934,"-26.983967, 30.268934"
17:26:51.257,1769592411.257532,-26.1586,30.040592,"-26.158600, 30.040592"
17:26:51.259,1769592411.2595348,-26.1586,30.040592,"-26.158600, 30.040592"
17:26:51.281,1769592411.2813745,-26.1586,30.040592,"-26.158600, 30.040592"
17:26:51.295,1769592411.2951388,-25.409254,30.66296,"-25.409254, 30.662960"
17:26:51.311,1769592411.3111525,-25.409254,30.66296,"-25.409254, 30.662960"
17:26:51.314,1769592411.3148263,-25.409254,30.66296,"-25.409254, 30.662960"
17:26:51.330,1769592411.3301117,-25.255932,31.897448,"-25.255932, 31.897448"
17:26:51.337,1769592411.3379807,-25.255932,31.897448,"-25.255932, 31.897448"
17:26:51.353,1769592411.3541172,-24.847736,33.035767,"-24.847736, 33.035767"
17:26:51.364,1769592411.3649027,-24.847736,33.035767,"-24.847736, 33.035767"
17:26:51.383,1769592411.383334,-24.847736,33.035767,"-24.847736, 33.035767"
17:26:51.385,1769592411.3858547,-25.543032,34.508896,"-25.543032, 34.508896"
17:26:51.398,1769592411.3980293,-25.543032,34.508896,"-25.543032, 34.508896"
17:26:51.417,1769592411.417692,-25.543032,34.508896,"-25.543032, 34.508896"
17:26:51.420,1769592411.4207795,-25.716576,35.305283,"-25.716576, 35.305283"
17:26:51.441,1769592411.4418685,-25.716576,35.305283,"-25.716576, 35.305283"
17:26:51.453,1769592411.4533055,-25.58143,35.759434,"-25.581430, 35.759434"
17:26:51.456,1769592411.4569764,-25.58143,35.759434,"-25.581430, 35.759434"
17:26:51.476,1769592411.476561,-25.58143,35.759434,"-25.581430, 35.759434"
17:26:51.491,1769592411.4914184,-25.344511,35.720009,"-25.344511, 35.720009"
17:26:51.494,1769592411.4944303,-25.344511,35.720009,"-25.344511, 35.720009"
17:26:51.509,1769592411.5096211,-25.344511,35.720009,"-25.344511, 35.720009"
17:26:51.525,1769592411.5251794,-24.749998,35.494926,"-24.749998, 35.494926"
17:26:51.529,1769592411.52975,-24.749998,35.494926,"-24.749998, 35.494926"
17:26:51.546,1769592411.5464842,-24.550045,35.298981,"-24.550045, 35.298981"
17:26:51.559,1769592411.5597477,-24.550045,35.298981,"-24.550045, 35.298981"
17:26:51.563,1769592411.5634174,-24.550045,35.298981,"-24.550045, 35.298981"
17:26:51.582,1769592411.5821013,-24.513096,35.325592,"-24.513096, 35.325592"
17:26:51.595,1769592411.5952291,-24.513096,35.325592,"-24.513096, 35.325592"
17:26:51.600,1769592411.6000373,-24.513096,35.325592,"-24.513096, 35.325592"
17:26:51.617,1769592411.6176448,-24.359243,35.303768,"-24.359243, 35.303768"
17:26:51.648,1769592411.6480548,-24.359243,35.303768,"-24.359243, 35.303768"
17:26:51.649,1769592411.649067,-24.398958,35.786434,"-24.398958, 35.786434"
17:26:51.650,1769592411.650571,-24.398958,35.786434,"-24.398958, 35.786434"
17:26:51.667,1769592411.6678433,-24.398958,35.786434,"-24.398958, 35.786434"
17:26:51.676,1769592411.6768339,-24.716457,37.02319,"-24.716457, 37.023190"
17:26:51.688,1769592411.6882496,-24.716457,37.02319,"-24.716457, 37.023190"
17:26:51.699,1769592411.6997187,-24.716457,37.02319,"-24.716457, 37.023190"
17:26:51.717,1769592411.717472,-24.817112,37.801647,"-24.817112, 37.801647"
17:26:51.721,1769592411.7211726,-24.817112,37.801647,"-24.817112, 37.801647"
17:26:51.745,1769592411.74512,-25.452898,39.560722,"-25.452898, 39.560722"
17:26:51.748,1769592411.748123,-25.452898,39.560722,"-25.452898, 39.560722"
17:26:51.761,1769592411.7616425,-25.452898,39.560722,"-25.452898, 39.560722"
17:26:51.783,1769592411.783986,-25.988142,40.650043,"-25.988142, 40.650043"
17:26:51.786,1769592411.786003,-25.988142,40.650043,"-25.988142, 40.650043"
17:26:51.797,1769592411.7979114,-25.988142,40.650043,"-25.988142, 40.650043"
17:26:51.802,1769592411.8027568,-26.48315,42.036362,"-26.483150, 42.036362"
17:26:51.822,1769592411.8228264,-26.48315,42.036362,"-26.483150, 42.036362"
17:26:51.833,1769592411.8331366,-26.495392,42.80513,"-26.495392, 42.805130"
17:26:51.849,1769592411.8497882,-26.495392,42.80513,"-26.495392, 42.805130"
17:26:51.853,1769592411.853519,-26.495392,42.80513,"-26.495392, 42.805130"
17:26:51.868,1769592411.8689892,-25.730404,42.404537,"-25.730404, 42.404537"
17:26:51.883,1769592411.883508,-25.730404,42.404537,"-25.730404, 42.404537"
17:26:51.894,1769592411.8942833,-25.730404,42.404537,"-25.730404, 42.404537"
17:26:51.897,1769592411.897906,-24.794685,43.016552,"-24.794685, 43.016552"
17:26:51.921,1769592411.921888,-24.794685,43.016552,"-24.794685, 43.016552"
17:26:51.925,1769592411.925398,-23.877735,42.901344,"-23.877735, 42.901344"
17:26:51.944,1769592411.944254,-23.877735,42.901344,"-23.877735, 42.901344"
17:26:51.957,1769592411.9570673,-23.877735,42.901344,"-23.877735, 42.901344"
17:26:51.961,1769592411.9611452,-23.912617,43.262428,"-23.912617, 43.262428"
17:26:51.979,1769592411.9799879,-23.912617,43.262428,"-23.912617, 43.262428"
17:26:51.992,1769592411.9927752,-23.912617,43.262428,"-23.912617, 43.262428"
17:26:51.999,1769592411.9990797,-24.195078,43.665962,"-24.195078, 43.665962"
17:26:52.013,1769592412.014208,-24.195078,43.665962,"-24.195078, 43.665962"
17:26:52.025,1769592412.0257082,-24.136799,43.28347,"-24.136799, 43.283470"
17:26:52.040,1769592412.0400007,-24.136799,43.28347,"-24.136799, 43.283470"
17:26:52.052,1769592412.052224,-24.136799,43.28347,"-24.136799, 43.283470"
17:26:52.055,1769592412.0557313,-25.12215,42.910454,"-25.122150, 42.910454"
17:26:52.070,1769592412.0704715,-25.12215,42.910454,"-25.122150, 42.910454"
17:26:52.088,1769592412.088921,-25.12215,42.910454,"-25.122150, 42.910454"
17:26:52.091,1769592412.0919423,-25.973444,42.256844,"-25.973444, 42.256844"
17:26:52.108,1769592412.1089082,-25.973444,42.256844,"-25.973444, 42.256844"
17:26:52.120,1769592412.1207778,-26.603252,40.737129,"-26.603252, 40.737129"
17:26:52.133,1769592412.13374,-26.603252,40.737129,"-26.603252, 40.737129"
17:26:52.147,1769592412.1476593,-26.603252,40.737129,"-26.603252, 40.737129"
17:26:52.158,1769592412.158015,-26.67556,38.675034,"-26.675560, 38.675034"
17:26:52.174,1769592412.1741815,-26.67556,38.675034,"-26.675560, 38.675034"
17:26:52.179,1769592412.1792817,-26.67556,38.675034,"-26.675560, 38.675034"
17:26:52.194,1769592412.1944747,-26.08363,35.885101,"-26.083630, 35.885101"
17:26:52.196,1769592412.1965418,-26.08363,35.885101,"-26.083630, 35.885101"
17:26:52.220,1769592412.2209308,-25.262745,32.844738,"-25.262745, 32.844738"
17:26:52.229,1769592412.2299662,-25.262745,32.844738,"-25.262745, 32.844738"
17:26:52.248,1769592412.2486398,-25.262745,32.844738,"-25.262745, 32.844738"
17:26:52.254,1769592412.254875,-24.674526,29.960457,"-24.674526, 29.960457"
17:26:52.266,1769592412.2663243,-24.674526,29.960457,"-24.674526, 29.960457"
17:26:52.284,1769592412.2842793,-24.674526,29.960457,"-24.674526, 29.960457"
17:26:52.286,1769592412.2863004,-24.588053,28.000227,"-24.588053, 28.000227"
17:26:52.299,1769592412.299811,-24.588053,28.000227,"-24.588053, 28.000227"
17:26:52.317,1769592412.3174465,-24.492249,26.023214,"-24.492249, 26.023214"
17:26:52.320,1769592412.3207743,-24.492249,26.023214,"-24.492249, 26.023214"
17:26:52.328,1769592412.3289673,-24.492249,26.023214,"-24.492249, 26.023214"
17:26:52.357,1769592412.3578181,-24.217403,24.686354,"-24.217403, 24.686354"
17:26:52.359,1769592412.3593225,-24.217403,24.686354,"-24.217403, 24.686354"
17:26:52.378,1769592412.3787978,-24.217403,24.686354,"-24.217403, 24.686354"
17:26:52.387,1769592412.3870742,-25.353886,24.225113,"-25.353886, 24.225113"
17:26:52.398,1769592412.3983433,-25.353886,24.225113,"-25.353886, 24.225113"
17:26:52.413,1769592412.4140155,-24.402285,23.498985,"-24.402285, 23.498985"
17:26:52.417,1769592412.4175308,-24.402285,23.498985,"-24.402285, 23.498985"
17:26:52.430,1769592412.4301207,-24.402285,23.498985,"-24.402285, 23.498985"
17:26:52.453,1769592412.4536664,-22.301062,21.095137,"-22.301062, 21.095137"
17:26:52.457,1769592412.4578426,-22.301062,21.095137,"-22.301062, 21.095137"
17:26:52.467,1769592412.467802,-22.301062,21.095137,"-22.301062, 21.095137"
17:26:52.486,1769592412.486227,-21.427086,19.844707,"-21.427086, 19.844707"
17:26:52.489,1769592412.4897034,-21.427086,19.844707,"-21.427086, 19.844707"
17:26:52.497,1769592412.4988747,-19.306396,16.841328,"-19.306396, 16.841328"
17:26:52.521,1769592412.5212433,-19.306396,16.841328,"-19.306396, 16.841328"
17:26:52.524,1769592412.5246813,-19.306396,16.841328,"-19.306396, 16.841328"
17:26:52.542,1769592412.542514,-16.89756,16.124859,"-16.897560, 16.124859"
17:26:52.555,1769592412.555686,-16.89756,16.124859,"-16.897560, 16.124859"
17:26:52.559,1769592412.5597146,-16.89756,16.124859,"-16.897560, 16.124859"
17:26:52.582,1769592412.582252,-16.864338,16.200787,"-16.864338, 16.200787"
17:26:52.604,1769592412.604612,-16.864338,16.200787,"-16.864338, 16.200787"
17:26:52.607,1769592412.6072774,-17.069534,17.38475,"-17.069534, 17.384750"
17:26:52.616,1769592412.6160145,-17.069534,17.38475,"-17.069534, 17.384750"
17:26:52.627,1769592412.6275477,-17.069534,17.38475,"-17.069534, 17.384750"
17:26:52.633,1769592412.6333973,-17.174854,16.793427,"-17.174854, 16.793427"
17:26:52.652,1769592412.6526573,-17.174854,16.793427,"-17.174854, 16.793427"
17:26:52.655,1769592412.655942,-17.174854,16.793427,"-17.174854, 16.793427"
17:26:52.670,1769592412.670503,-18.533087,15.07342,"-18.533087, 15.073420"
17:26:52.685,1769592412.6850033,-18.533087,15.07342,"-18.533087, 15.073420"
17:26:52.702,1769592412.7026227,-20.809631,14.416158,"-20.809631, 14.416158"
17:26:52.708,1769592412.7081947,-20.809631,14.416158,"-20.809631, 14.416158"
17:26:52.721,1769592412.7211018,-20.809631,14.416158,"-20.809631, 14.416158"
17:26:52.733,1769592412.7339392,-22.467995,13.192291,"-22.467995, 13.192291"
17:26:52.751,1769592412.7518322,-22.467995,13.192291,"-22.467995, 13.192291"
17:26:52.759,1769592412.7598553,-22.467995,13.192291,"-22.467995, 13.192291"
17:26:52.767,1769592412.7677352,-22.204964,10.556319,"-22.204964, 10.556319"
17:26:52.782,1769592412.7823627,-22.204964,10.556319,"-22.204964, 10.556319"
17:26:52.792,1769592412.7929037,-23.615246,9.866934,"-23.615246, 9.866934"
17:26:52.807,1769592412.8077996,-23.615246,9.866934,"-23.615246, 9.866934"
17:26:52.823,1769592412.8235629,-23.615246,9.866934,"-23.615246, 9.866934"
17:26:52.825,1769592412.8255827,-23.287613,9.508972,"-23.287613, 9.508972"
17:26:52.846,1769592412.8465316,-23.287613,9.508972,"-23.287613, 9.508972"
17:26:52.850,1769592412.85089,-23.287613,9.508972,"-23.287613, 9.508972"
17:26:52.866,1769592412.8664098,-25.509619,7.273744,"-25.509619, 7.273744"
17:26:52.880,1769592412.880096,-25.509619,7.273744,"-25.509619, 7.273744"
17:26:52.891,1769592412.8919764,-26.869774,5.238977,"-26.869774, 5.238977"
17:26:52.903,1769592412.9037673,-26.869774,5.238977,"-26.869774, 5.238977"
17:26:52.905,1769592412.905969,-26.869774,5.238977,"-26.869774, 5.238977"
17:26:52.926,1769592412.9265778,-27.795734,5.084597,"-27.795734, 5.084597"
17:26:52.948,1769592412.9480848,-27.795734,5.084597,"-27.795734, 5.084597"
17:26:52.954,1769592412.9542809,-27.795734,5.084597,"-27.795734, 5.084597"
17:26:52.967,1769592412.9673374,-28.307436,3.969594,"-28.307436, 3.969594"
17:26:52.970,1769592412.9700453,-28.307436,3.969594,"-28.307436, 3.969594"
17:26:52.985,1769592412.985736,-28.925442,4.499248,"-28.925442, 4.499248"
17:26:52.995,1769592412.9950938,-28.925442,4.499248,"-28.925442, 4.499248"
17:26:53.014,1769592413.0154743,-28.925442,4.499248,"-28.925442, 4.499248"
17:26:53.020,1769592413.0205994,-28.388813,5.041169,"-28.388813, 5.041169"
17:26:53.042,1769592413.042853,-28.388813,5.041169,"-28.388813, 5.041169"
17:26:53.046,1769592413.0463734,-28.388813,5.041169,"-28.388813, 5.041169"
17:26:53.063,1769592413.0640855,-29.265696,6.072586,"-29.265696, 6.072586"
17:26:53.067,1769592413.0677714,-29.265696,6.072586,"-29.265696, 6.072586"
17:26:53.079,1769592413.0795527,-29.985954,7.414871,"-29.985954, 7.414871"
17:26:53.098,1769592413.0989962,-29.985954,7.414871,"-29.985954, 7.414871"
17:26:53.101,1769592413.1010246,-29.985954,7.414871,"-29.985954, 7.414871"
17:26:53.117,1769592413.117712,-29.304644,6.272235,"-29.304644, 6.272235"
17:26:53.134,1769592413.1345775,-29.304644,6.272235,"-29.304644, 6.272235"
17:26:53.140,1769592413.141616,-29.304644,6.272235,"-29.304644, 6.272235"
17:26:53.152,1769592413.152517,-29.132111,6.149663,"-29.132111, 6.149663"
17:26:53.169,1769592413.1697557,-29.132111,6.149663,"-29.132111, 6.149663"
17:26:53.173,1769592413.1731296,-28.480171,3.575504,"-28.480171, 3.575504"
17:26:53.186,1769592413.1864345,-28.480171,3.575504,"-28.480171, 3.575504"
17:26:53.204,1769592413.204974,-28.480171,3.575504,"-28.480171, 3.575504"
17:26:53.208,1769592413.2084975,-27.078758,0.049618,"-27.078758, 0.049618"
17:26:53.220,1769592413.220029,-27.078758,0.049618,"-27.078758, 0.049618"
17:26:53.238,1769592413.2382565,-27.078758,0.049618,"-27.078758, 0.049618"
17:26:53.248,1769592413.2488606,-25.700657,-4.983714,"-25.700657, -4.983714"
17:26:53.252,1769592413.2526824,-25.700657,-4.983714,"-25.700657, -4.983714"
17:26:53.279,1769592413.2799685,-24.883564,-10.216445,"-24.883564, -10.216445"
17:26:53.289,1769592413.2890422,-24.883564,-10.216445,"-24.883564, -10.216445"
17:26:53.298,1769592413.298248,-24.883564,-10.216445,"-24.883564, -10.216445"
17:26:53.311,1769592413.3119206,-25.778614,-14.013643,"-25.778614, -14.013643"
17:26:53.318,1769592413.3185062,-25.778614,-14.013643,"-25.778614, -14.013643"
17:26:53.333,1769592413.3335252,-25.778614,-14.013643,"-25.778614, -14.013643"
17:26:53.351,1769592413.3513691,-30.136566,-18.246473,"-30.136566, -18.246473"
17:26:53.353,1769592413.3538792,-30.136566,-18.246473,"-30.136566, -18.246473"
17:26:53.368,1769592413.368049,-31.398476,-20.498491,"-31.398476, -20.498491"
17:26:53.382,1769592413.3823388,-31.398476,-20.498491,"-31.398476, -20.498491"
17:26:53.399,1769592413.3993523,-31.398476,-20.498491,"-31.398476, -20.498491"
17:26:53.407,1769592413.4075584,-32.173424,-20.365433,"-32.173424, -20.365433"
17:26:53.415,1769592413.4154205,-32.173424,-20.365433,"-32.173424, -20.365433"
17:26:53.429,1769592413.4298904,-32.173424,-20.365433,"-32.173424, -20.365433"
17:26:53.442,1769592413.4423683,-30.376022,-22.311623,"-30.376022, -22.311623"
17:26:53.445,1769592413.445069,-30.376022,-22.311623,"-30.376022, -22.311623"
17:26:53.467,1769592413.4673896,-25.766663,-24.228813,"-25.766663, -24.228813"
17:26:53.485,1769592413.485326,-25.766663,-24.228813,"-25.766663, -24.228813"
17:26:53.489,1769592413.489927,-25.766663,-24.228813,"-25.766663, -24.228813"
17:26:53.506,1769592413.5061338,-21.97879,-24.185614,"-21.978790, -24.185614"
17:26:53.509,1769592413.5097055,-21.97879,-24.185614,"-21.978790, -24.185614"
17:26:53.539,1769592413.53967,-21.97879,-24.185614,"-21.978790, -24.185614"
17:26:53.542,1769592413.5421808,-17.223499,-22.551012,"-17.223499, -22.551012"
17:26:53.545,1769592413.545198,-17.223499,-22.551012,"-17.223499, -22.551012"
17:26:53.562,1769592413.562779,-13.116024,-22.555199,"-13.116024, -22.555199"
17:26:53.579,1769592413.579597,-13.116024,-22.555199,"-13.116024, -22.555199"
17:26:53.601,1769592413.602159,-13.116024,-22.555199,"-13.116024, -22.555199"
17:26:53.605,1769592413.6057916,-13.008533,-23.786522,"-13.008533, -23.786522"
17:26:53.616,1769592413.616104,-13.008533,-23.786522,"-13.008533, -23.786522"
17:26:53.622,1769592413.6222663,-13.008533,-23.786522,"-13.008533, -23.786522"
17:26:53.632,1769592413.632763,-11.470458,-22.731396,"-11.470458, -22.731396"
17:26:53.646,1769592413.64664,-11.470458,-22.731396,"-11.470458, -22.731396"
17:26:53.658,1769592413.6584914,-11.256275,-22.138645,"-11.256275, -22.138645"
17:26:53.675,1769592413.6752646,-11.256275,-22.138645,"-11.256275, -22.138645"
17:26:53.679,1769592413.6792123,-11.256275,-22.138645,"-11.256275, -22.138645"
17:26:53.694,1769592413.6943376,-10.350584,-18.629202,"-10.350584, -18.629202"
17:26:53.703,1769592413.7037559,-10.350584,-18.629202,"-10.350584, -18.629202"
17:26:53.721,1769592413.721202,-10.350584,-18.629202,"-10.350584, -18.629202"
17:26:53.725,1769592413.7252142,-8.991227,-14.055837,"-8.991227, -14.055837"
17:26:53.744,1769592413.7442214,-8.991227,-14.055837,"-8.991227, -14.055837"
17:26:53.754,1769592413.754901,-8.668949,-9.986971,"-8.668949, -9.986971"
17:26:53.767,1769592413.7675257,-8.668949,-9.986971,"-8.668949, -9.986971"
17:26:53.770,1769592413.7700372,-8.668949,-9.986971,"-8.668949, -9.986971"
17:26:53.795,1769592413.7954733,-9.183037,-4.360878,"-9.183037, -4.360878"
17:26:53.797,1769592413.797948,-9.183037,-4.360878,"-9.183037, -4.360878"
17:26:53.812,1769592413.8128815,-9.183037,-4.360878,"-9.183037, -4.360878"
17:26:53.824,1769592413.8244336,-10.067685,1.046298,"-10.067685, 1.046298"
17:26:53.848,1769592413.8485677,-10.067685,1.046298,"-10.067685, 1.046298"
17:26:53.851,1769592413.8513415,-8.654445,2.340202,"-8.654445, 2.340202"
17:26:53.863,1769592413.8634589,-8.654445,2.340202,"-8.654445, 2.340202"
17:26:53.867,1769592413.867573,-8.654445,2.340202,"-8.654445, 2.340202"
17:26:53.887,1769592413.887882,-8.176285,6.664699,"-8.176285, 6.664699"
17:26:53.898,1769592413.8987653,-8.176285,6.664699,"-8.176285, 6.664699"
17:26:53.909,1769592413.909276,-8.176285,6.664699,"-8.176285, 6.664699"
17:26:53.925,1769592413.9252615,-5.755828,11.201836,"-5.755828, 11.201836"
17:26:53.939,1769592413.9395046,-5.755828,11.201836,"-5.755828, 11.201836"
17:26:53.942,1769592413.9420211,-5.749213,13.425644,"-5.749213, 13.425644"
17:26:53.958,1769592413.958123,-5.749213,13.425644,"-5.749213, 13.425644"
17:26:53.969,1769592413.9699123,-5.749213,13.425644,"-5.749213, 13.425644"
17:26:53.981,1769592413.9816887,-6.01046,15.9354,"-6.010460, 15.935400"
17:26:53.998,1769592413.9988003,-6.01046,15.9354,"-6.010460, 15.935400"
17:26:54.004,1769592414.0049703,-6.01046,15.9354,"-6.010460, 15.935400"
17:26:54.016,1769592414.0163565,-4.934719,17.457964,"-4.934719, 17.457964"
17:26:54.032,1769592414.032609,-4.934719,17.457964,"-4.934719, 17.457964"
17:26:54.036,1769592414.0361218,-5.100259,17.630302,"-5.100259, 17.630302"
17:26:54.050,1769592414.050112,-5.100259,17.630302,"-5.100259, 17.630302"
17:26:54.067,1769592414.067483,-5.100259,17.630302,"-5.100259, 17.630302"
17:26:54.079,1769592414.0793662,-3.425967,17.505558,"-3.425967, 17.505558"
17:26:54.083,1769592414.0836995,-3.425967,17.505558,"-3.425967, 17.505558"
17:26:54.103,1769592414.1036878,-3.425967,17.505558,"-3.425967, 17.505558"
17:26:54.114,1769592414.1147926,-3.841138,16.516573,"-3.841138, 16.516573"
17:26:54.127,1769592414.1273303,-3.841138,16.516573,"-3.841138, 16.516573"
17:26:54.148,1769592414.148883,-3.641082,13.693953,"-3.641082, 13.693953"
17:26:54.150,1769592414.150388,-3.641082,13.693953,"-3.641082, 13.693953"
17:26:54.157,1769592414.157443,-3.641082,13.693953,"-3.641082, 13.693953"
17:26:54.175,1769592414.1757147,-1.911828,12.830645,"-1.911828, 12.830645"
17:26:54.184,1769592414.1843593,-1.911828,12.830645,"-1.911828, 12.830645"
17:26:54.202,1769592414.202775,-1.911828,12.830645,"-1.911828, 12.830645"
17:26:54.211,1769592414.2111952,-0.504063,14.094765,"-0.504063, 14.094765"
17:26:54.220,1769592414.2206495,-0.504063,14.094765,"-0.504063, 14.094765"
17:26:54.229,1769592414.229394,-0.108438,13.350946,"-0.108438, 13.350946"
17:26:54.250,1769592414.2505965,-0.108438,13.350946,"-0.108438, 13.350946"
17:26:54.253,1769592414.2536285,-0.108438,13.350946,"-0.108438, 13.350946"
17:26:54.271,1769592414.271653,0.441519,12.505281,"0.441519, 12.505281"
17:26:54.288,1769592414.2886932,0.441519,12.505281,"0.441519, 12.505281"
17:26:54.307,1769592414.3076491,0.441519,12.505281,"0.441519, 12.505281"
17:26:54.316,1769592414.316041,0.875983,11.929104,"0.875983, 11.929104"
17:26:54.331,1769592414.3311226,0.875983,11.929104,"0.875983, 11.929104"
17:26:54.340,1769592414.3403873,1.353678,11.357048,"1.353678, 11.357048"
17:26:54.354,1769592414.354903,1.353678,11.357048,"1.353678, 11.357048"
17:26:54.356,1769592414.3569086,1.353678,11.357048,"1.353678, 11.357048"
17:26:54.367,1769592414.3677347,1.211706,11.527853,"1.211706, 11.527853"
17:26:54.378,1769592414.3783243,1.211706,11.527853,"1.211706, 11.527853"
17:26:54.395,1769592414.3950014,1.211706,11.527853,"1.211706, 11.527853"
17:26:54.400,1769592414.4006915,-0.160569,12.371732,"-0.160569, 12.371732"
17:26:54.403,1769592414.403731,-0.160569,12.371732,"-0.160569, 12.371732"
17:26:54.428,1769592414.4286737,0.547411,12.560018,"0.547411, 12.560018"
17:26:54.432,1769592414.432212,0.547411,12.560018,"0.547411, 12.560018"
17:26:54.439,1769592414.439406,0.547411,12.560018,"0.547411, 12.560018"
17:26:54.466,1769592414.466155,0.005813,12.564032,"0.005813, 12.564032"
17:26:54.469,1769592414.4698188,0.005813,12.564032,"0.005813, 12.564032"
17:26:54.479,1769592414.4799373,0.005813,12.564032,"0.005813, 12.564032"
17:26:54.505,1769592414.505969,1.467093,11.492313,"1.467093, 11.492313"
17:26:54.508,1769592414.5086966,1.467093,11.492313,"1.467093, 11.492313"
17:26:54.520,1769592414.5209358,2.798141,11.321598,"2.798141, 11.321598"
17:26:54.536,1769592414.5361943,2.798141,11.321598,"2.798141, 11.321598"
17:26:54.539,1769592414.539708,2.798141,11.321598,"2.798141, 11.321598"
17:26:54.553,1769592414.553352,5.354043,9.691465,"5.354043, 9.691465"
17:26:54.569,1769592414.5699282,5.354043,9.691465,"5.354043, 9.691465"
17:26:54.586,1769592414.5860622,5.354043,9.691465,"5.354043, 9.691465"
17:26:54.590,1769592414.5900886,8.218965,8.261182,"8.218965, 8.261182"
17:26:54.608,1769592414.6080408,8.218965,8.261182,"8.218965, 8.261182"
17:26:54.614,1769592414.6142793,9.810951,7.213718,"9.810951, 7.213718"
17:26:54.628,1769592414.6282427,9.810951,7.213718,"9.810951, 7.213718"
17:26:54.642,1769592414.6425903,9.810951,7.213718,"9.810951, 7.213718"
17:26:54.673,1769592414.6739473,10.893964,8.073647,"10.893964, 8.073647"
17:26:54.675,1769592414.6759489,10.893964,8.073647,"10.893964, 8.073647"
17:26:54.683,1769592414.6839726,10.893964,8.073647,"10.893964, 8.073647"
17:26:54.690,1769592414.6900117,8.068129,9.607664,"8.068129, 9.607664"
17:26:54.714,1769592414.7142217,8.068129,9.607664,"8.068129, 9.607664"
17:26:54.734,1769592414.7343621,7.306662,9.903315,"7.306662, 9.903315"
17:26:54.738,1769592414.7383788,7.306662,9.903315,"7.306662, 9.903315"
17:26:54.743,1769592414.7434044,7.306662,9.903315,"7.306662, 9.903315"
17:26:54.755,1769592414.7558975,9.764187,9.093138,"9.764187, 9.093138"
17:26:54.758,1769592414.758896,9.764187,9.093138,"9.764187, 9.093138"
17:26:54.771,1769592414.7717674,9.764187,9.093138,"9.764187, 9.093138"
17:26:54.790,1769592414.7901325,11.642021,10.047196,"11.642021, 10.047196"
17:26:54.798,1769592414.7984347,11.642021,10.047196,"11.642021, 10.047196"
17:26:54.821,1769592414.8215425,8.929832,11.44453,"8.929832, 11.444530"
17:26:54.827,1769592414.8275747,8.929832,11.44453,"8.929832, 11.444530"
17:26:54.837,1769592414.8370967,8.929832,11.44453,"8.929832, 11.444530"
17:26:54.843,1769592414.8436205,10.903183,9.148882,"10.903183, 9.148882"
17:26:54.862,1769592414.8624635,10.903183,9.148882,"10.903183, 9.148882"
17:26:54.871,1769592414.8715878,10.903183,9.148882,"10.903183, 9.148882"
17:26:54.887,1769592414.887954,13.55238,9.008553,"13.552380, 9.008553"
17:26:54.890,1769592414.8915064,13.55238,9.008553,"13.552380, 9.008553"
17:26:54.921,1769592414.9212637,15.35498,9.651453,"15.354980, 9.651453"
17:26:54.923,1769592414.9237704,15.35498,9.651453,"15.354980, 9.651453"
17:26:54.925,1769592414.9257812,15.35498,9.651453,"15.354980, 9.651453"
17:26:54.944,1769592414.944364,12.95787,11.648418,"12.957870, 11.648418"
17:26:54.961,1769592414.96107,12.95787,11.648418,"12.957870, 11.648418"
17:26:54.965,1769592414.9654622,12.95787,11.648418,"12.957870, 11.648418"
17:26:54.988,1769592414.9880965,17.72662,8.77914,"17.726620, 8.779140"
17:26:54.990,1769592414.990144,17.72662,8.77914,"17.726620, 8.779140"
17:26:55.006,1769592415.0067415,18.012352,9.664582,"18.012352, 9.664582"
17:26:55.012,1769592415.0124006,18.012352,9.664582,"18.012352, 9.664582"
17:26:55.025,1769592415.0251613,18.012352,9.664582,"18.012352, 9.664582"
17:26:55.036,1769592415.0362837,17.777863,11.003464,"17.777863, 11.003464"
17:26:55.055,1769592415.0559886,17.777863,11.003464,"17.777863, 11.003464"
17:26:55.057,1769592415.0579913,17.777863,11.003464,"17.777863, 11.003464"
17:26:55.079,1769592415.079784,19.869179,9.920873,"19.869179, 9.920873"
17:26:55.087,1769592415.0872726,19.869179,9.920873,"19.869179, 9.920873"
17:26:55.097,1769592415.0982034,18.189945,11.510784,"18.189945, 11.510784"
17:26:55.109,1769592415.1099105,18.189945,11.510784,"18.189945, 11.510784"
17:26:55.127,1769592415.1275935,18.189945,11.510784,"18.189945, 11.510784"
17:26:55.135,1769592415.135489,14.993126,11.099017,"14.993126, 11.099017"
17:26:55.139,1769592415.1390073,14.993126,11.099017,"14.993126, 11.099017"
17:26:55.157,1769592415.1577578,14.993126,11.099017,"14.993126, 11.099017"
17:26:55.173,1769592415.1733932,12.567458,9.630427,"12.567458, 9.630427"
17:26:55.178,1769592415.1787837,12.567458,9.630427,"12.567458, 9.630427"
17:26:55.196,1769592415.1983993,13.267738,9.310434,"13.267738, 9.310434"
17:26:55.204,1769592415.2048423,13.267738,9.310434,"13.267738, 9.310434"
17:26:55.215,1769592415.2152002,13.267738,9.310434,"13.267738, 9.310434"
17:26:55.245,1769592415.246621,13.776062,7.943707,"13.776062, 7.943707"
17:26:55.250,1769592415.2506945,13.776062,7.943707,"13.776062, 7.943707"
17:26:55.253,1769592415.253699,13.776062,7.943707,"13.776062, 7.943707"
17:26:55.273,1769592415.273676,14.348583,7.000144,"14.348583, 7.000144"
17:26:55.275,1769592415.275683,14.348583,7.000144,"14.348583, 7.000144"
17:26:55.288,1769592415.2884297,13.608095,7.00821,"13.608095, 7.008210"
17:26:55.304,1769592415.3047948,13.608095,7.00821,"13.608095, 7.008210"
17:26:55.308,1769592415.308898,13.608095,7.00821,"13.608095, 7.008210"
17:26:55.335,1769592415.3355427,12.677891,8.280502,"12.677891, 8.280502"
17:26:55.340,1769592415.3409145,12.677891,8.280502,"12.677891, 8.280502"
17:26:55.348,1769592415.348965,12.677891,8.280502,"12.677891, 8.280502"
17:26:55.358,1769592415.3580046,12.407576,9.207291,"12.407576, 9.207291"
17:26:55.379,1769592415.3797822,12.407576,9.207291,"12.407576, 9.207291"
17:26:55.390,1769592415.3909848,12.047541,9.75948,"12.047541, 9.759480"
17:26:55.395,1769592415.395015,12.047541,9.75948,"12.047541, 9.759480"
17:26:55.414,1769592415.4143696,12.047541,9.75948,"12.047541, 9.759480"
17:26:55.421,1769592415.4213123,11.03487,10.741199,"11.034870, 10.741199"
17:26:55.434,1769592415.4340868,11.03487,10.741199,"11.034870, 10.741199"
17:26:55.450,1769592415.4506469,11.03487,10.741199,"11.034870, 10.741199"
17:26:55.456,1769592415.4566646,12.771536,9.559004,"12.771536, 9.559004"
17:26:55.471,1769592415.4712894,12.771536,9.559004,"12.771536, 9.559004"
17:26:55.485,1769592415.485601,13.28307,10.060669,"13.283070, 10.060669"
17:26:55.489,1769592415.4891171,13.28307,10.060669,"13.283070, 10.060669"
17:26:55.501,1769592415.5019617,13.28307,10.060669,"13.283070, 10.060669"
17:26:55.520,1769592415.520523,14.77771,9.488262,"14.777710, 9.488262"
17:26:55.524,1769592415.5245872,14.77771,9.488262,"14.777710, 9.488262"
17:26:55.538,1769592415.5389056,14.77771,9.488262,"14.777710, 9.488262"
17:26:55.571,1769592415.5714438,17.512287,9.523479,"17.512287, 9.523479"
17:26:55.572,1769592415.5729575,17.512287,9.523479,"17.512287, 9.523479"
17:26:55.575,1769592415.5754688,19.420048,10.25869,"19.420048, 10.258690"
17:26:55.593,1769592415.5936627,19.420048,10.25869,"19.420048, 10.258690"
17:26:55.597,1769592415.597051,19.420048,10.25869,"19.420048, 10.258690"
17:26:55.612,1769592415.6126308,21.304501,9.321196,"21.304501, 9.321196"
17:26:55.628,1769592415.6286469,21.304501,9.321196,"21.304501, 9.321196"
17:26:55.632,1769592415.6324553,21.304501,9.321196,"21.304501, 9.321196"
17:26:55.649,1769592415.6490376,22.81723,8.500814,"22.817230, 8.500814"
17:26:55.662,1769592415.6629703,22.81723,8.500814,"22.817230, 8.500814"
17:26:55.679,1769592415.6797998,22.314735,8.134048,"22.314735, 8.134048"
17:26:55.682,1769592415.6823533,22.314735,8.134048,"22.314735, 8.134048"
17:26:55.698,1769592415.698379,22.314735,8.134048,"22.314735, 8.134048"
17:26:55.711,1769592415.7113855,23.097588,9.965124,"23.097588, 9.965124"
17:26:55.716,1769592415.716251,23.097588,9.965124,"23.097588, 9.965124"
17:26:55.734,1769592415.7344337,23.097588,9.965124,"23.097588, 9.965124"
17:26:55.751,1769592415.751439,21.770313,10.252342,"21.770313, 10.252342"
17:26:55.755,1769592415.7554047,21.770313,10.252342,"21.770313, 10.252342"
17:26:55.772,1769592415.7727845,21.211266,9.67548,"21.211266, 9.675480"
17:26:55.782,1769592415.7822285,21.211266,9.67548,"21.211266, 9.675480"
17:26:55.793,1769592415.7934608,21.211266,9.67548,"21.211266, 9.675480"
17:26:55.809,1769592415.8093977,19.478088,7.373103,"19.478088, 7.373103"
17:26:55.813,1769592415.813042,19.478088,7.373103,"19.478088, 7.373103"
17:26:55.829,1769592415.829447,19.478088,7.373103,"19.478088, 7.373103"
17:26:55.845,1769592415.845073,16.234089,4.543969,"16.234089, 4.543969"
17:26:55.861,1769592415.8612015,16.234089,4.543969,"16.234089, 4.543969"
17:26:55.870,1769592415.8709657,11.823996,5.826193,"11.823996, 5.826193"
17:26:55.888,1769592415.888332,11.823996,5.826193,"11.823996, 5.826193"
17:26:55.893,1769592415.8934982,11.823996,5.826193,"11.823996, 5.826193"
17:26:55.895,1769592415.89552,10.420618,6.527451,"10.420618, 6.527451"
17:26:55.915,1769592415.9156444,10.420618,6.527451,"10.420618, 6.527451"
17:26:55.925,1769592415.925175,10.420618,6.527451,"10.420618, 6.527451"
17:26:55.943,1769592415.9431176,10.584543,7.393188,"10.584543, 7.393188"
17:26:55.947,1769592415.94769,10.584543,7.393188,"10.584543, 7.393188"
17:26:55.977,1769592415.9774764,11.454861,8.079979,"11.454861, 8.079979"
17:26:55.979,1769592415.9799879,11.454861,8.079979,"11.454861, 8.079979"
17:26:55.986,1769592415.986651,11.454861,8.079979,"11.454861, 8.079979"
17:26:56.005,1769592416.005931,13.225265,8.347639,"13.225265, 8.347639"
17:26:56.008,1769592416.008127,13.225265,8.347639,"13.225265, 8.347639"
17:26:56.025,1769592416.0251036,13.225265,8.347639,"13.225265, 8.347639"
17:26:56.032,1769592416.032603,14.580564,6.705821,"14.580564, 6.705821"
17:26:56.047,1769592416.0479913,14.580564,6.705821,"14.580564, 6.705821"
17:26:56.053,1769592416.053529,15.145365,5.922601,"15.145365, 5.922601"
17:26:56.071,1769592416.071946,15.145365,5.922601,"15.145365, 5.922601"
17:26:56.075,1769592416.0759645,15.145365,5.922601,"15.145365, 5.922601"
17:26:56.095,1769592416.095011,14.834455,5.531942,"14.834455, 5.531942"
17:26:56.106,1769592416.10613,14.834455,5.531942,"14.834455, 5.531942"
17:26:56.117,1769592416.1173818,14.834455,5.531942,"14.834455, 5.531942"
17:26:56.139,1769592416.1390038,16.258959,5.604872,"16.258959, 5.604872"
17:26:56.154,1769592416.1549,16.258959,5.604872,"16.258959, 5.604872"
17:26:56.156,1769592416.1569045,14.676557,6.918029,"14.676557, 6.918029"
17:26:56.162,1769592416.1625757,14.676557,6.918029,"14.676557, 6.918029"
17:26:56.198,1769592416.1986957,14.676557,6.918029,"14.676557, 6.918029"
17:26:56.204,1769592416.2047882,14.799494,6.729693,"14.799494, 6.729693"
17:26:56.214,1769592416.2149324,14.799494,6.729693,"14.799494, 6.729693"
17:26:56.231,1769592416.2318323,14.799494,6.729693,"14.799494, 6.729693"
17:26:56.233,1769592416.2339826,14.312312,6.692388,"14.312312, 6.692388"
17:26:56.235,1769592416.235498,14.312312,6.692388,"14.312312, 6.692388"
17:26:56.251,1769592416.25161,13.30006,5.820198,"13.300060, 5.820198"
17:26:56.255,1769592416.2555816,13.30006,5.820198,"13.300060, 5.820198"
17:26:56.275,1769592416.2751625,13.30006,5.820198,"13.300060, 5.820198"
17:26:56.303,1769592416.3034294,11.722876,5.097993,"11.722876, 5.097993"
17:26:56.316,1769592416.3164318,11.722876,5.097993,"11.722876, 5.097993"
17:26:56.322,1769592416.3228724,11.722876,5.097993,"11.722876, 5.097993"
17:26:56.323,1769592416.3239915,11.68781,4.119256,"11.687810, 4.119256"
17:26:56.337,1769592416.3370423,11.68781,4.119256,"11.687810, 4.119256"
17:26:56.339,1769592416.3396084,12.133806,3.608899,"12.133806, 3.608899"
17:26:56.370,1769592416.3707616,12.133806,3.608899,"12.133806, 3.608899"
17:26:56.405,1769592416.4058993,12.133806,3.608899,"12.133806, 3.608899"
17:26:56.411,1769592416.4112275,11.132536,3.979462,"11.132536, 3.979462"
17:26:56.429,1769592416.4299126,11.132536,3.979462,"11.132536, 3.979462"
17:26:56.434,1769592416.4345138,11.132536,3.979462,"11.132536, 3.979462"
17:26:56.441,1769592416.4415967,13.293501,2.549378,"13.293501, 2.549378"
17:26:56.459,1769592416.4596727,13.293501,2.549378,"13.293501, 2.549378"
17:26:56.471,1769592416.47178,12.898055,3.222677,"12.898055, 3.222677"
17:26:56.474,1769592416.4742897,12.898055,3.222677,"12.898055, 3.222677"
17:26:56.495,1769592416.4951284,12.898055,3.222677,"12.898055, 3.222677"
17:26:56.502,1769592416.502283,13.059364,3.353019,"13.059364, 3.353019"
17:26:56.504,1769592416.5049646,13.059364,3.353019,"13.059364, 3.353019"
17:26:56.516,1769592416.5164897,13.059364,3.353019,"13.059364, 3.353019"
17:26:56.520,1769592416.52003,11.308846,2.48453,"11.308846, 2.484530"
17:26:56.527,1769592416.527303,11.308846,2.48453,"11.308846, 2.484530"
17:26:56.535,1769592416.5354538,10.361361,2.728273,"10.361361, 2.728273"
17:26:56.550,1769592416.5500398,10.361361,2.728273,"10.361361, 2.728273"
17:26:56.565,1769592416.5652356,10.361361,2.728273,"10.361361, 2.728273"
17:26:56.605,1769592416.6053724,9.091339,2.775989,"9.091339, 2.775989"
17:26:56.607,1769592416.6073759,9.091339,2.775989,"9.091339, 2.775989"
17:26:56.609,1769592416.609379,9.091339,2.775989,"9.091339, 2.775989"
17:26:56.614,1769592416.6141794,8.096339,3.381252,"8.096339, 3.381252"
17:26:56.632,1769592416.6327012,8.096339,3.381252,"8.096339, 3.381252"
17:26:56.634,1769592416.6342163,8.874675,2.629684,"8.874675, 2.629684"
17:26:56.639,1769592416.639242,8.874675,2.629684,"8.874675, 2.629684"
17:26:56.671,1769592416.6716926,8.874675,2.629684,"8.874675, 2.629684"
17:26:56.674,1769592416.6742036,10.76399,3.090464,"10.763990, 3.090464"
17:26:56.682,1769592416.682831,10.76399,3.090464,"10.763990, 3.090464"
17:26:56.698,1769592416.6987648,10.76399,3.090464,"10.763990, 3.090464"
17:26:56.703,1769592416.7035785,11.896043,3.862228,"11.896043, 3.862228"
17:26:56.718,1769592416.7185657,11.896043,3.862228,"11.896043, 3.862228"
17:26:56.734,1769592416.7345011,10.225044,4.47551,"10.225044, 4.475510"
17:26:56.737,1769592416.7371821,10.225044,4.47551,"10.225044, 4.475510"
17:26:56.758,1769592416.758632,10.225044,4.47551,"10.225044, 4.475510"
17:26:56.761,1769592416.7619963,10.030955,4.81494,"10.030955, 4.814940"
17:26:56.782,1769592416.782042,10.030955,4.81494,"10.030955, 4.814940"
17:26:56.787,1769592416.7889237,10.030955,4.81494,"10.030955, 4.814940"
17:26:56.805,1769592416.8058681,9.786753,3.673985,"9.786753, 3.673985"
17:26:56.809,1769592416.8094838,9.786753,3.673985,"9.786753, 3.673985"
17:26:56.840,1769592416.8403103,9.417259,2.815365,"9.417259, 2.815365"
17:26:56.844,1769592416.8449974,9.417259,2.815365,"9.417259, 2.815365"
17:26:56.847,1769592416.8470597,9.417259,2.815365,"9.417259, 2.815365"
17:26:56.863,1769592416.863306,10.431697,0.832459,"10.431697, 0.832459"
17:26:56.873,1769592416.8739097,10.431697,0.832459,"10.431697, 0.832459"
17:26:56.885,1769592416.8857884,10.431697,0.832459,"10.431697, 0.832459"
17:26:56.917,1769592416.9174125,11.160107,0.329856,"11.160107, 0.329856"
17:26:56.926,1769592416.926482,11.160107,0.329856,"11.160107, 0.329856"
17:26:56.928,1769592416.9285407,8.247942,1.182701,"8.247942, 1.182701"
17:26:56.932,1769592416.932078,8.247942,1.182701,"8.247942, 1.182701"
17:26:56.936,1769592416.9364429,8.247942,1.182701,"8.247942, 1.182701"
17:26:56.959,1769592416.9596763,9.802919,0.769437,"9.802919, 0.769437"
17:26:56.971,1769592416.9717739,9.802919,0.769437,"9.802919, 0.769437"
17:26:56.974,1769592416.9743302,9.802919,0.769437,"9.802919, 0.769437"
17:26:56.996,1769592416.996884,9.032839,-0.353532,"9.032839, -0.353532"
17:26:57.003,1769592417.0037227,9.032839,-0.353532,"9.032839, -0.353532"
17:26:57.006,1769592417.0067935,9.285776,0.910312,"9.285776, 0.910312"
17:26:57.026,1769592417.0266933,9.285776,0.910312,"9.285776, 0.910312"
17:26:57.040,1769592417.0401638,9.285776,0.910312,"9.285776, 0.910312"
17:26:57.042,1769592417.0428145,8.423442,1.396465,"8.423442, 1.396465"
17:26:57.069,1769592417.0699255,8.423442,1.396465,"8.423442, 1.396465"
17:26:57.075,1769592417.0758178,8.423442,1.396465,"8.423442, 1.396465"
17:26:57.088,1769592417.0882685,7.39298,2.06308,"7.392980, 2.063080"
17:26:57.102,1769592417.1024315,7.39298,2.06308,"7.392980, 2.063080"
17:26:57.113,1769592417.1137702,7.489704,2.398681,"7.489704, 2.398681"
17:26:57.125,1769592417.125046,7.489704,2.398681,"7.489704, 2.398681"
17:26:57.139,1769592417.1397629,7.489704,2.398681,"7.489704, 2.398681"
17:26:57.149,1769592417.1499383,9.16563,1.725305,"9.165630, 1.725305"
17:26:57.161,1769592417.1617742,9.16563,1.725305,"9.165630, 1.725305"
17:26:57.172,1769592417.1729581,9.16563,1.725305,"9.165630, 1.725305"
17:26:57.188,1769592417.188359,8.861226,1.889562,"8.861226, 1.889562"
17:26:57.192,1769592417.1924675,8.861226,1.889562,"8.861226, 1.889562"
17:26:57.200,1769592417.2009747,8.270113,2.143718,"8.270113, 2.143718"
17:26:57.228,1769592417.2287605,8.270113,2.143718,"8.270113, 2.143718"
17:26:57.232,1769592417.2327929,8.270113,2.143718,"8.270113, 2.143718"
17:26:57.234,1769592417.2347996,8.421907,1.298727,"8.421907, 1.298727"
17:26:57.258,1769592417.258064,8.421907,1.298727,"8.421907, 1.298727"
17:26:57.275,1769592417.276539,8.421907,1.298727,"8.421907, 1.298727"
17:26:57.278,1769592417.2786953,9.162535,2.670369,"9.162535, 2.670369"
17:26:57.298,1769592417.2981908,9.162535,2.670369,"9.162535, 2.670369"
17:26:57.311,1769592417.3112948,7.445321,2.500088,"7.445321, 2.500088"
17:26:57.316,1769592417.3163793,7.445321,2.500088,"7.445321, 2.500088"
17:26:57.329,1769592417.3296537,7.445321,2.500088,"7.445321, 2.500088"
17:26:57.345,1769592417.3459675,6.629402,3.100791,"6.629402, 3.100791"
17:26:57.349,1769592417.3495202,6.629402,3.100791,"6.629402, 3.100791"
17:26:57.364,1769592417.3642786,6.629402,3.100791,"6.629402, 3.100791"
17:26:57.381,1769592417.381295,7.699265,2.693941,"7.699265, 2.693941"
17:26:57.386,1769592417.3865042,7.699265,2.693941,"7.699265, 2.693941"
17:26:57.389,1769592417.3890147,9.448072,1.866037,"9.448072, 1.866037"
17:26:57.420,1769592417.4214506,9.448072,1.866037,"9.448072, 1.866037"
17:26:57.422,1769592417.422977,9.448072,1.866037,"9.448072, 1.866037"
17:26:57.429,1769592417.4297636,8.078778,1.75058,"8.078778, 1.750580"
17:26:57.455,1769592417.4557283,8.078778,1.75058,"8.078778, 1.750580"
17:26:57.458,1769592417.4582057,8.078778,1.75058,"8.078778, 1.750580"
17:26:57.474,1769592417.4743683,6.413459,1.764006,"6.413459, 1.764006"
17:26:57.489,1769592417.4898617,6.413459,1.764006,"6.413459, 1.764006"
17:26:57.493,1769592417.4934018,5.789275,1.207497,"5.789275, 1.207497"
17:26:57.506,1769592417.5061514,5.789275,1.207497,"5.789275, 1.207497"
17:26:57.517,1769592417.5179243,5.789275,1.207497,"5.789275, 1.207497"
17:26:57.533,1769592417.5333228,6.31661,0.509136,"6.316610, 0.509136"
17:26:57.544,1769592417.5451972,6.31661,0.509136,"6.316610, 0.509136"
17:26:57.559,1769592417.559489,6.31661,0.509136,"6.316610, 0.509136"
17:26:57.572,1769592417.5721536,6.32998,0.855061,"6.329980, 0.855061"
17:26:57.575,1769592417.5757155,6.32998,0.855061,"6.329980, 0.855061"
17:26:57.598,1769592417.5980062,6.314597,1.81118,"6.314597, 1.811180"
17:26:57.601,1769592417.6011014,6.314597,1.81118,"6.314597, 1.811180"
17:26:57.615,1769592417.6164181,6.314597,1.81118,"6.314597, 1.811180"
17:26:57.617,1769592417.6189241,6.222263,2.471161,"6.222263, 2.471161"
17:26:57.633,1769592417.633593,6.222263,2.471161,"6.222263, 2.471161"
17:26:57.655,1769592417.6556997,6.222263,2.471161,"6.222263, 2.471161"
17:26:57.666,1769592417.666503,8.827341,0.894273,"8.827341, 0.894273"
17:26:57.681,1769592417.6814787,8.827341,0.894273,"8.827341, 0.894273"
17:26:57.684,1769592417.684226,7.339352,1.373015,"7.339352, 1.373015"
17:26:57.700,1769592417.7001133,7.339352,1.373015,"7.339352, 1.373015"
17:26:57.717,1769592417.7171018,7.339352,1.373015,"7.339352, 1.373015"
17:26:57.723,1769592417.7231545,6.372067,2.371579,"6.372067, 2.371579"
17:26:57.735,1769592417.7357016,6.372067,2.371579,"6.372067, 2.371579"
17:26:57.753,1769592417.7535784,6.372067,2.371579,"6.372067, 2.371579"
17:26:57.762,1769592417.7621136,6.456897,2.038499,"6.456897, 2.038499"
17:26:57.774,1769592417.7746954,6.456897,2.038499,"6.456897, 2.038499"
17:26:57.777,1769592417.7772021,6.256716,2.387823,"6.256716, 2.387823"
17:26:57.800,1769592417.8001962,6.256716,2.387823,"6.256716, 2.387823"
17:26:57.805,1769592417.8054419,6.256716,2.387823,"6.256716, 2.387823"
17:26:57.809,1769592417.8095574,4.590871,2.593583,"4.590871, 2.593583"
17:26:57.832,1769592417.832616,4.590871,2.593583,"4.590871, 2.593583"
17:26:57.843,1769592417.8431954,4.590871,2.593583,"4.590871, 2.593583"
17:26:57.856,1769592417.8569303,4.711969,1.994514,"4.711969, 1.994514"
17:26:57.871,1769592417.8710756,4.711969,1.994514,"4.711969, 1.994514"
17:26:57.878,1769592417.8783867,6.380197,1.644377,"6.380197, 1.644377"
17:26:57.891,1769592417.891781,6.380197,1.644377,"6.380197, 1.644377"
17:26:57.906,1769592417.9060798,6.380197,1.644377,"6.380197, 1.644377"
17:26:57.917,1769592417.9171,6.221022,2.193167,"6.221022, 2.193167"
17:26:57.929,1769592417.9292316,6.221022,2.193167,"6.221022, 2.193167"
17:26:57.936,1769592417.9362705,6.221022,2.193167,"6.221022, 2.193167"
17:26:57.953,1769592417.9534893,5.369425,2.473223,"5.369425, 2.473223"
17:26:57.969,1769592417.969791,5.369425,2.473223,"5.369425, 2.473223"
17:26:57.974,1769592417.9748476,6.014528,2.155972,"6.014528, 2.155972"
17:26:57.991,1769592417.991662,6.014528,2.155972,"6.014528, 2.155972"
17:26:57.998,1769592417.998591,6.014528,2.155972,"6.014528, 2.155972"
17:26:58.006,1769592418.0067873,5.968695,2.63662,"5.968695, 2.636620"
17:26:58.023,1769592418.0234406,5.968695,2.63662,"5.968695, 2.636620"
17:26:58.034,1769592418.034859,5.968695,2.63662,"5.968695, 2.636620"
17:26:58.046,1769592418.0461347,5.675668,1.857622,"5.675668, 1.857622"
17:26:58.061,1769592418.061485,5.675668,1.857622,"5.675668, 1.857622"
17:26:58.072,1769592418.072999,5.754163,1.779958,"5.754163, 1.779958"
17:26:58.085,1769592418.085725,5.754163,1.779958,"5.754163, 1.779958"
17:26:58.092,1769592418.0928442,5.754163,1.779958,"5.754163, 1.779958"
17:26:58.108,1769592418.108502,5.645731,2.088783,"5.645731, 2.088783"
17:26:58.120,1769592418.1209688,5.645731,2.088783,"5.645731, 2.088783"
17:26:58.131,1769592418.1310925,5.645731,2.088783,"5.645731, 2.088783"
17:26:58.146,1769592418.1464074,6.111388,1.768482,"6.111388, 1.768482"
17:26:58.150,1769592418.151464,6.111388,1.768482,"6.111388, 1.768482"
17:26:58.164,1769592418.1642377,5.931354,2.789607,"5.931354, 2.789607"
17:26:58.179,1769592418.179794,5.931354,2.789607,"5.931354, 2.789607"
17:26:58.196,1769592418.1963644,5.931354,2.789607,"5.931354, 2.789607"
17:26:58.197,1769592418.1979034,5.224813,2.948194,"5.224813, 2.948194"
17:26:58.217,1769592418.2173848,5.224813,2.948194,"5.224813, 2.948194"
17:26:58.234,1769592418.2341568,5.224813,2.948194,"5.224813, 2.948194"
17:26:58.236,1769592418.2366724,5.814475,2.400322,"5.814475, 2.400322"
17:26:58.254,1769592418.2546647,5.814475,2.400322,"5.814475, 2.400322"
17:26:58.270,1769592418.2706985,6.455332,2.007714,"6.455332, 2.007714"
17:26:58.275,1769592418.2757182,6.455332,2.007714,"6.455332, 2.007714"
17:26:58.290,1769592418.2900012,6.455332,2.007714,"6.455332, 2.007714"
17:26:58.302,1769592418.302354,6.361307,1.050751,"6.361307, 1.050751"
17:26:58.304,1769592418.3049269,6.361307,1.050751,"6.361307, 1.050751"
17:26:58.322,1769592418.3226416,6.361307,1.050751,"6.361307, 1.050751"
17:26:58.338,1769592418.338543,6.209191,0.842484,"6.209191, 0.842484"
17:26:58.349,1769592418.3498685,6.209191,0.842484,"6.209191, 0.842484"
17:26:58.366,1769592418.36609,7.010349,1.529021,"7.010349, 1.529021"
17:26:58.369,1769592418.369285,7.010349,1.529021,"7.010349, 1.529021"
17:26:58.384,1769592418.3843877,7.010349,1.529021,"7.010349, 1.529021"
17:26:58.386,1769592418.3866136,5.117249,3.2136,"5.117249, 3.213600"
17:26:58.412,1769592418.4125316,5.117249,3.2136,"5.117249, 3.213600"
17:26:58.415,1769592418.415641,5.117249,3.2136,"5.117249, 3.213600"
17:26:58.431,1769592418.4317594,4.025538,4.532592,"4.025538, 4.532592"
17:26:58.445,1769592418.4457393,4.025538,4.532592,"4.025538, 4.532592"
17:26:58.458,1769592418.4580588,3.600584,3.190145,"3.600584, 3.190145"
17:26:58.462,1769592418.462195,3.600584,3.190145,"3.600584, 3.190145"
17:26:58.482,1769592418.4824746,3.600584,3.190145,"3.600584, 3.190145"
17:26:58.494,1769592418.4943602,4.155253,2.666206,"4.155253, 2.666206"
17:26:58.498,1769592418.498462,4.155253,2.666206,"4.155253, 2.666206"
17:26:58.518,1769592418.518012,4.155253,2.666206,"4.155253, 2.666206"
17:26:58.536,1769592418.5361521,3.413016,3.233182,"3.413016, 3.233182"
17:26:58.540,1769592418.5408337,3.413016,3.233182,"3.413016, 3.233182"
17:26:58.554,1769592418.5546293,2.468624,3.913322,"2.468624, 3.913322"
17:26:58.568,1769592418.5681975,2.468624,3.913322,"2.468624, 3.913322"
17:26:58.571,1769592418.5717292,2.468624,3.913322,"2.468624, 3.913322"
17:26:58.579,1769592418.579858,2.769162,3.682727,"2.769162, 3.682727"
17:26:58.608,1769592418.6084943,2.769162,3.682727,"2.769162, 3.682727"
17:26:58.611,1769592418.6110792,2.769162,3.682727,"2.769162, 3.682727"
17:26:58.622,1769592418.6220143,5.336836,3.970592,"5.336836, 3.970592"
17:26:58.640,1769592418.6405842,5.336836,3.970592,"5.336836, 3.970592"
17:26:58.652,1769592418.6521158,5.081911,3.90724,"5.081911, 3.907240"
17:26:58.655,1769592418.6557963,5.081911,3.90724,"5.081911, 3.907240"
17:26:58.677,1769592418.6775677,5.081911,3.90724,"5.081911, 3.907240"
17:26:58.682,1769592418.6821208,4.545888,3.299039,"4.545888, 3.299039"
17:26:58.692,1769592418.6926754,4.545888,3.299039,"4.545888, 3.299039"
17:26:58.714,1769592418.7145524,4.545888,3.299039,"4.545888, 3.299039"
17:26:58.722,1769592418.7221775,4.158997,2.585538,"4.158997, 2.585538"
17:26:58.732,1769592418.7339466,4.158997,2.585538,"4.158997, 2.585538"
17:26:58.748,1769592418.7483137,4.572167,2.59761,"4.572167, 2.597610"
17:26:58.759,1769592418.7593956,4.572167,2.59761,"4.572167, 2.597610"
17:26:58.763,1769592418.7633162,4.572167,2.59761,"4.572167, 2.597610"
17:26:58.774,1769592418.7741673,4.848839,1.938396,"4.848839, 1.938396"
17:26:58.792,1769592418.7925177,4.848839,1.938396,"4.848839, 1.938396"
17:26:58.813,1769592418.81339,4.848839,1.938396,"4.848839, 1.938396"
17:26:58.815,1769592418.8159184,4.145045,2.964868,"4.145045, 2.964868"
17:26:58.832,1769592418.8329139,4.145045,2.964868,"4.145045, 2.964868"
17:26:58.836,1769592418.8366396,4.440539,3.485467,"4.440539, 3.485467"
17:26:58.851,1769592418.8518186,4.440539,3.485467,"4.440539, 3.485467"
17:26:58.870,1769592418.8700259,4.440539,3.485467,"4.440539, 3.485467"
17:26:58.882,1769592418.882529,4.08732,2.966438,"4.087320, 2.966438"
17:26:58.885,1769592418.8855612,4.08732,2.966438,"4.087320, 2.966438"
17:26:58.906,1769592418.9066758,4.08732,2.966438,"4.087320, 2.966438"
17:26:58.914,1769592418.9142246,6.548474,1.690296,"6.548474, 1.690296"
17:26:58.925,1769592418.92513,6.548474,1.690296,"6.548474, 1.690296"
17:26:58.940,1769592418.9401226,5.964423,1.901763,"5.964423, 1.901763"
17:26:58.948,1769592418.9482107,5.964423,1.901763,"5.964423, 1.901763"
17:26:58.964,1769592418.9644918,5.964423,1.901763,"5.964423, 1.901763"
17:26:58.967,1769592418.967372,4.348901,3.680243,"4.348901, 3.680243"
17:26:58.984,1769592418.9845572,4.348901,3.680243,"4.348901, 3.680243"
17:26:58.997,1769592418.9976616,4.348901,3.680243,"4.348901, 3.680243"
17:26:59.014,1769592419.0148406,4.261952,3.609772,"4.261952, 3.609772"
17:26:59.018,1769592419.0189931,4.261952,3.609772,"4.261952, 3.609772"
17:26:59.031,1769592419.0317879,3.441609,3.372755,"3.441609, 3.372755"
17:26:59.048,1769592419.048811,3.441609,3.372755,"3.441609, 3.372755"
17:26:59.058,1769592419.0584328,3.441609,3.372755,"3.441609, 3.372755"
17:26:59.068,1769592419.0687022,2.531651,3.278772,"2.531651, 3.278772"
17:26:59.081,1769592419.0819957,2.531651,3.278772,"2.531651, 3.278772"
17:26:59.090,1769592419.0902066,2.531651,3.278772,"2.531651, 3.278772"
17:26:59.106,1769592419.106143,1.268183,3.436189,"1.268183, 3.436189"
17:26:59.120,1769592419.1209953,1.268183,3.436189,"1.268183, 3.436189"
17:26:59.125,1769592419.1251152,3.28461,4.014339,"3.284610, 4.014339"
17:26:59.145,1769592419.1454725,3.28461,4.014339,"3.284610, 4.014339"
17:26:59.150,1769592419.1500964,3.28461,4.014339,"3.284610, 4.014339"
17:26:59.161,1769592419.1612957,2.969627,4.373266,"2.969627, 4.373266"
17:26:59.178,1769592419.1785576,2.969627,4.373266,"2.969627, 4.373266"
17:26:59.190,1769592419.1901615,2.969627,4.373266,"2.969627, 4.373266"
17:26:59.194,1769592419.1947322,1.822422,4.374544,"1.822422, 4.374544"
17:26:59.215,1769592419.2153199,1.822422,4.374544,"1.822422, 4.374544"
17:26:59.228,1769592419.2285056,3.54028,3.860054,"3.540280, 3.860054"
17:26:59.231,1769592419.2317095,3.54028,3.860054,"3.540280, 3.860054"
17:26:59.235,1769592419.235474,3.54028,3.860054,"3.540280, 3.860054"
17:26:59.263,1769592419.2635682,3.314119,3.909434,"3.314119, 3.909434"
17:26:59.272,1769592419.2722695,3.314119,3.909434,"3.314119, 3.909434"
17:26:59.285,1769592419.2858844,3.314119,3.909434,"3.314119, 3.909434"
17:26:59.300,1769592419.300301,2.488875,3.564464,"2.488875, 3.564464"
17:26:59.304,1769592419.3048582,2.488875,3.564464,"2.488875, 3.564464"
17:26:59.308,1769592419.3085907,1.626481,2.992384,"1.626481, 2.992384"
17:26:59.336,1769592419.3364725,1.626481,2.992384,"1.626481, 2.992384"
17:26:59.340,1769592419.3409874,1.626481,2.992384,"1.626481, 2.992384"
17:26:59.348,1769592419.3486817,1.255615,2.280643,"1.255615, 2.280643"
17:26:59.371,1769592419.3714635,1.255615,2.280643,"1.255615, 2.280643"
17:26:59.383,1769592419.3837683,1.255615,2.280643,"1.255615, 2.280643"
17:26:59.387,1769592419.3872845,4.750809,0.931165,"4.750809, 0.931165"
17:26:59.406,1769592419.4061959,4.750809,0.931165,"4.750809, 0.931165"
17:26:59.418,1769592419.4184713,4.591105,2.01773,"4.591105, 2.017730"
17:26:59.429,1769592419.4292796,4.591105,2.01773,"4.591105, 2.017730"
17:26:59.444,1769592419.4442618,4.591105,2.01773,"4.591105, 2.017730"
17:26:59.453,1769592419.4537313,3.699225,3.263332,"3.699225, 3.263332"
17:26:59.464,1769592419.4643905,3.699225,3.263332,"3.699225, 3.263332"
17:26:59.478,1769592419.478463,3.699225,3.263332,"3.699225, 3.263332"
17:26:59.492,1769592419.4929924,1.089094,5.561113,"1.089094, 5.561113"
17:26:59.497,1769592419.497409,1.089094,5.561113,"1.089094, 5.561113"
17:26:59.515,1769592419.515331,0.873078,6.814528,"0.873078, 6.814528"
17:26:59.527,1769592419.5274901,0.873078,6.814528,"0.873078, 6.814528"
17:26:59.531,1769592419.5315228,0.873078,6.814528,"0.873078, 6.814528"
17:26:59.539,1769592419.5391207,1.719345,6.169512,"1.719345, 6.169512"
17:26:59.561,1769592419.561276,1.719345,6.169512,"1.719345, 6.169512"
17:26:59.575,1769592419.5757937,1.719345,6.169512,"1.719345, 6.169512"
17:26:59.579,1769592419.5798192,3.117702,4.460413,"3.117702, 4.460413"
17:26:59.599,1769592419.5997763,3.117702,4.460413,"3.117702, 4.460413"
17:26:59.610,1769592419.610868,2.531204,4.203402,"2.531204, 4.203402"
17:26:59.615,1769592419.6154604,2.531204,4.203402,"2.531204, 4.203402"
17:26:59.632,1769592419.6325016,2.531204,4.203402,"2.531204, 4.203402"
17:26:59.646,1769592419.6478076,1.452633,5.013296,"1.452633, 5.013296"
17:26:59.655,1769592419.6550703,1.452633,5.013296,"1.452633, 5.013296"
17:26:59.661,1769592419.6612477,1.452633,5.013296,"1.452633, 5.013296"
17:26:59.683,1769592419.6834843,1.715349,5.137827,"1.715349, 5.137827"
17:26:59.686,1769592419.68672,1.715349,5.137827,"1.715349, 5.137827"
17:26:59.699,1769592419.6996305,2.854388,5.254553,"2.854388, 5.254553"
17:26:59.715,1769592419.7156997,2.854388,5.254553,"2.854388, 5.254553"
17:26:59.732,1769592419.7326822,2.854388,5.254553,"2.854388, 5.254553"
17:26:59.734,1769592419.7346916,2.538715,5.01722,"2.538715, 5.017220"
17:26:59.754,1769592419.7549188,2.538715,5.01722,"2.538715, 5.017220"
17:26:59.774,1769592419.7741199,2.538715,5.01722,"2.538715, 5.017220"
17:26:59.776,1769592419.7766335,1.605749,4.694145,"1.605749, 4.694145"
17:26:59.791,1769592419.791538,1.605749,4.694145,"1.605749, 4.694145"
17:26:59.799,1769592419.7996585,1.751061,4.650586,"1.751061, 4.650586"
17:26:59.816,1769592419.816283,1.751061,4.650586,"1.751061, 4.650586"
17:26:59.829,1769592419.8295238,1.751061,4.650586,"1.751061, 4.650586"
17:26:59.833,1769592419.8331745,4.487735,4.498659,"4.487735, 4.498659"
17:26:59.844,1769592419.8448944,4.487735,4.498659,"4.487735, 4.498659"
17:26:59.862,1769592419.8628445,4.487735,4.498659,"4.487735, 4.498659"
17:26:59.875,1769592419.8753161,2.845831,5.719344,"2.845831, 5.719344"
17:26:59.881,1769592419.8819275,2.845831,5.719344,"2.845831, 5.719344"
17:26:59.896,1769592419.896687,0.073424,6.786228,"0.073424, 6.786228"
17:26:59.911,1769592419.9119527,0.073424,6.786228,"0.073424, 6.786228"
17:26:59.918,1769592419.9186084,0.073424,6.786228,"0.073424, 6.786228"
17:26:59.922,1769592419.92212,0.64985,6.410998,"0.649850, 6.410998"
17:26:59.945,1769592419.9452522,0.64985,6.410998,"0.649850, 6.410998"
17:26:59.956,1769592419.956901,0.64985,6.410998,"0.649850, 6.410998"
17:26:59.980,1769592419.9800174,0.939609,5.678869,"0.939609, 5.678869"
17:26:59.983,1769592419.9835973,0.939609,5.678869,"0.939609, 5.678869"
17:26:59.992,1769592419.9928734,0.635403,5.792123,"0.635403, 5.792123"
17:27:00.006,1769592420.0069213,0.635403,5.792123,"0.635403, 5.792123"
17:27:00.016,1769592420.0161002,0.635403,5.792123,"0.635403, 5.792123"
17:27:00.028,1769592420.0285563,-0.080376,6.838253,"-0.080376, 6.838253"
17:27:00.040,1769592420.0402741,-0.080376,6.838253,"-0.080376, 6.838253"
17:27:00.050,1769592420.0505302,-0.080376,6.838253,"-0.080376, 6.838253"
17:27:00.069,1769592420.0699844,0.036635,7.831422,"0.036635, 7.831422"
17:27:00.072,1769592420.0729887,0.036635,7.831422,"0.036635, 7.831422"
17:27:00.088,1769592420.0882642,1.224223,7.307235,"1.224223, 7.307235"
17:27:00.100,1769592420.1005774,1.224223,7.307235,"1.224223, 7.307235"
17:27:00.113,1769592420.1133907,1.224223,7.307235,"1.224223, 7.307235"
17:27:00.128,1769592420.128508,1.900311,6.787297,"1.900311, 6.787297"
17:27:00.139,1769592420.140065,1.900311,6.787297,"1.900311, 6.787297"
17:27:00.157,1769592420.1570446,1.900311,6.787297,"1.900311, 6.787297"
17:27:00.159,1769592420.159553,0.603447,5.961426,"0.603447, 5.961426"
17:27:00.174,1769592420.17473,0.603447,5.961426,"0.603447, 5.961426"
17:27:00.186,1769592420.1864774,0.689578,5.470016,"0.689578, 5.470016"
17:27:00.190,1769592420.1904998,0.689578,5.470016,"0.689578, 5.470016"
17:27:00.212,1769592420.2129555,0.689578,5.470016,"0.689578, 5.470016"
17:27:00.217,1769592420.217889,1.304588,4.682665,"1.304588, 4.682665"
17:27:00.229,1769592420.2297513,1.304588,4.682665,"1.304588, 4.682665"
17:27:00.246,1769592420.2465906,1.304588,4.682665,"1.304588, 4.682665"
17:27:00.259,1769592420.2594764,0.051155,5.19414,"0.051155, 5.194140"
17:27:00.266,1769592420.2661326,0.051155,5.19414,"0.051155, 5.194140"
17:27:00.283,1769592420.283045,0.041971,5.934982,"0.041971, 5.934982"
17:27:00.299,1769592420.2999346,0.041971,5.934982,"0.041971, 5.934982"
17:27:00.302,1769592420.3022568,0.041971,5.934982,"0.041971, 5.934982"
17:27:00.317,1769592420.317144,0.451107,6.23448,"0.451107, 6.234480"
17:27:00.331,1769592420.3312664,0.451107,6.23448,"0.451107, 6.234480"
17:27:00.335,1769592420.3356934,0.451107,6.23448,"0.451107, 6.234480"
17:27:00.357,1769592420.3572671,0.456874,6.149162,"0.456874, 6.149162"
17:27:00.360,1769592420.3609676,0.456874,6.149162,"0.456874, 6.149162"
17:27:00.378,1769592420.3785477,2.397483,6.344521,"2.397483, 6.344521"
17:27:00.387,1769592420.3870628,2.397483,6.344521,"2.397483, 6.344521"
17:27:00.407,1769592420.4072158,2.397483,6.344521,"2.397483, 6.344521"
17:27:00.415,1769592420.415057,2.101567,6.61476,"2.101567, 6.614760"
17:27:00.418,1769592420.4184592,2.101567,6.61476,"2.101567, 6.614760"
17:27:00.440,1769592420.4401677,2.101567,6.61476,"2.101567, 6.614760"
17:27:00.445,1769592420.4450493,1.769973,6.790001,"1.769973, 6.790001"
17:27:00.459,1769592420.4596088,1.769973,6.790001,"1.769973, 6.790001"
17:27:00.475,1769592420.475823,0.989815,7.778125,"0.989815, 7.778125"
17:27:00.487,1769592420.487481,0.989815,7.778125,"0.989815, 7.778125"
17:27:00.490,1769592420.4900663,0.989815,7.778125,"0.989815, 7.778125"
17:27:00.502,1769592420.502293,-1.015058,8.509745,"-1.015058, 8.509745"
17:27:00.523,1769592420.5235224,-1.015058,8.509745,"-1.015058, 8.509745"
17:27:00.526,1769592420.5265481,-1.015058,8.509745,"-1.015058, 8.509745"
17:27:00.538,1769592420.5381823,-0.549292,8.135976,"-0.549292, 8.135976"
17:27:00.557,1769592420.5570128,-0.549292,8.135976,"-0.549292, 8.135976"
17:27:00.568,1769592420.568281,1.005738,7.642566,"1.005738, 7.642566"
17:27:00.571,1769592420.5715942,1.005738,7.642566,"1.005738, 7.642566"
17:27:00.592,1769592420.5921688,1.005738,7.642566,"1.005738, 7.642566"
17:27:00.604,1769592420.6049225,0.756376,6.8962,"0.756376, 6.896200"
17:27:00.607,1769592420.6079872,0.756376,6.8962,"0.756376, 6.896200"
17:27:00.632,1769592420.632486,0.756376,6.8962,"0.756376, 6.896200"
17:27:00.635,1769592420.6359966,0.756376,6.8962,"0.756376, 6.896200"
17:27:00.649,1769592420.6491346,0.756376,6.8962,"0.756376, 6.896200"
17:27:00.663,1769592420.6635277,0.145991,7.714206,"0.145991, 7.714206"
17:27:00.674,1769592420.6746652,0.145991,7.714206,"0.145991, 7.714206"
17:27:00.685,1769592420.6857631,0.145991,7.714206,"0.145991, 7.714206"
17:27:00.706,1769592420.7064147,0.593843,7.829418,"0.593843, 7.829418"
17:27:00.717,1769592420.7179654,0.593843,7.829418,"0.593843, 7.829418"
17:27:00.720,1769592420.7205858,0.593843,7.829418,"0.593843, 7.829418"
17:27:00.740,1769592420.7402356,0.306479,7.950454,"0.306479, 7.950454"
17:27:00.748,1769592420.7483866,0.306479,7.950454,"0.306479, 7.950454"
17:27:00.758,1769592420.7580516,-0.589818,8.15331,"-0.589818, 8.153310"
17:27:00.761,1769592420.7617376,-0.589818,8.15331,"-0.589818, 8.153310"
17:27:00.784,1769592420.7845702,-0.589818,8.15331,"-0.589818, 8.153310"
17:27:00.799,1769592420.7998667,-0.65841,8.556358,"-0.658410, 8.556358"
17:27:00.802,1769592420.8024004,-0.65841,8.556358,"-0.658410, 8.556358"
17:27:00.819,1769592420.819751,-0.65841,8.556358,"-0.658410, 8.556358"
17:27:00.831,1769592420.8316903,1.705568,7.313566,"1.705568, 7.313566"
17:27:00.845,1769592420.845202,1.705568,7.313566,"1.705568, 7.313566"
17:27:00.860,1769592420.8600724,0.897982,8.111614,"0.897982, 8.111614"
17:27:00.863,1769592420.8631968,0.897982,8.111614,"0.897982, 8.111614"
17:27:00.877,1769592420.8774116,0.897982,8.111614,"0.897982, 8.111614"
17:27:00.894,1769592420.8943415,-0.102022,9.060303,"-0.102022, 9.060303"
17:27:00.904,1769592420.9049563,-0.102022,9.060303,"-0.102022, 9.060303"
17:27:00.917,1769592420.9173522,-0.102022,9.060303,"-0.102022, 9.060303"
17:27:00.932,1769592420.932696,-1.053141,9.042788,"-1.053141, 9.042788"
17:27:00.938,1769592420.938222,-1.053141,9.042788,"-1.053141, 9.042788"
17:27:00.949,1769592420.949238,-0.601833,9.044586,"-0.601833, 9.044586"
17:27:00.964,1769592420.9646342,-0.601833,9.044586,"-0.601833, 9.044586"
17:27:00.977,1769592420.9776278,-0.601833,9.044586,"-0.601833, 9.044586"
17:27:00.989,1769592420.9893756,0.757011,7.984227,"0.757011, 7.984227"
17:27:00.999,1769592420.999366,0.757011,7.984227,"0.757011, 7.984227"
17:27:01.013,1769592421.0132813,0.757011,7.984227,"0.757011, 7.984227"
17:27:01.024,1769592421.0246358,-0.27679,7.912261,"-0.276790, 7.912261"
17:27:01.039,1769592421.0399988,-0.27679,7.912261,"-0.276790, 7.912261"
17:27:01.047,1769592421.047822,0.987924,7.961016,"0.987924, 7.961016"
17:27:01.065,1769592421.0652375,0.987924,7.961016,"0.987924, 7.961016"
17:27:01.067,1769592421.0672333,0.987924,7.961016,"0.987924, 7.961016"
17:27:01.085,1769592421.0856764,1.852682,8.739588,"1.852682, 8.739588"
17:27:01.097,1769592421.0979877,1.852682,8.739588,"1.852682, 8.739588"
17:27:01.102,1769592421.1020977,1.852682,8.739588,"1.852682, 8.739588"
17:27:01.123,1769592421.1232672,2.255611,9.523579,"2.255611, 9.523579"
17:27:01.126,1769592421.1275327,2.255611,9.523579,"2.255611, 9.523579"
17:27:01.144,1769592421.1447613,2.856119,9.229746,"2.856119, 9.229746"
17:27:01.162,1769592421.1629722,2.856119,9.229746,"2.856119, 9.229746"
17:27:01.167,1769592421.1675658,2.856119,9.229746,"2.856119, 9.229746"
17:27:01.181,1769592421.1818974,0.159937,9.774286,"0.159937, 9.774286"
17:27:01.194,1769592421.194385,0.159937,9.774286,"0.159937, 9.774286"
17:27:01.197,1769592421.1979485,0.159937,9.774286,"0.159937, 9.774286"
17:27:01.219,1769592421.2195861,-2.216264,10.279356,"-2.216264, 10.279356"
17:27:01.225,1769592421.2251973,-2.216264,10.279356,"-2.216264, 10.279356"
17:27:01.241,1769592421.2418103,-2.061766,10.19426,"-2.061766, 10.194260"
17:27:01.246,1769592421.2460108,-2.061766,10.19426,"-2.061766, 10.194260"
17:27:01.260,1769592421.2602925,-2.061766,10.19426,"-2.061766, 10.194260"
17:27:01.277,1769592421.2774842,-0.784929,10.157808,"-0.784929, 10.157808"
17:27:01.285,1769592421.2859735,-0.784929,10.157808,"-0.784929, 10.157808"
17:27:01.301,1769592421.3011787,-0.784929,10.157808,"-0.784929, 10.157808"
17:27:01.328,1769592421.3283043,0.524066,10.54199,"0.524066, 10.541990"
17:27:01.331,1769592421.3310192,0.524066,10.54199,"0.524066, 10.541990"
17:27:01.336,1769592421.3368928,0.569316,10.583004,"0.569316, 10.583004"
17:27:01.346,1769592421.3467488,0.569316,10.583004,"0.569316, 10.583004"
17:27:01.359,1769592421.3595564,0.569316,10.583004,"0.569316, 10.583004"
17:27:01.376,1769592421.3776202,-0.142532,10.02619,"-0.142532, 10.026190"
17:27:01.382,1769592421.3821456,-0.142532,10.02619,"-0.142532, 10.026190"
17:27:01.399,1769592421.3996944,-0.142532,10.02619,"-0.142532, 10.026190"
17:27:01.405,1769592421.4059775,0.520308,8.215484,"0.520308, 8.215484"
17:27:01.426,1769592421.4263406,0.520308,8.215484,"0.520308, 8.215484"
17:27:01.433,1769592421.433641,1.548359,8.06389,"1.548359, 8.063890"
17:27:01.445,1769592421.445242,1.548359,8.06389,"1.548359, 8.063890"
17:27:01.456,1769592421.456685,1.548359,8.06389,"1.548359, 8.063890"
17:27:01.474,1769592421.4745398,-0.586833,9.219917,"-0.586833, 9.219917"
17:27:01.478,1769592421.4786167,-0.586833,9.219917,"-0.586833, 9.219917"
17:27:01.492,1769592421.492037,-0.586833,9.219917,"-0.586833, 9.219917"
17:27:01.504,1769592421.5063362,-1.436023,10.23703,"-1.436023, 10.237030"
17:27:01.513,1769592421.5130274,-1.436023,10.23703,"-1.436023, 10.237030"
17:27:01.531,1769592421.531404,-1.013845,10.588592,"-1.013845, 10.588592"
17:27:01.536,1769592421.5366483,-1.013845,10.588592,"-1.013845, 10.588592"
17:27:01.551,1769592421.5515158,-1.013845,10.588592,"-1.013845, 10.588592"
17:27:01.563,1769592421.563348,-0.223266,11.105535,"-0.223266, 11.105535"
17:27:01.579,1769592421.5797775,-0.223266,11.105535,"-0.223266, 11.105535"
17:27:01.590,1769592421.5903487,-0.223266,11.105535,"-0.223266, 11.105535"
17:27:01.602,1769592421.6022115,0.049858,11.422629,"0.049858, 11.422629"
17:27:01.612,1769592421.6121418,0.049858,11.422629,"0.049858, 11.422629"
17:27:01.620,1769592421.620905,-0.154431,10.997335,"-0.154431, 10.997335"
17:27:01.636,1769592421.6367767,-0.154431,10.997335,"-0.154431, 10.997335"
17:27:01.648,1769592421.6488256,-0.154431,10.997335,"-0.154431, 10.997335"
17:27:01.665,1769592421.6658716,-0.198925,9.282717,"-0.198925, 9.282717"
17:27:01.669,1769592421.669508,-0.198925,9.282717,"-0.198925, 9.282717"
17:27:01.682,1769592421.6822774,-0.198925,9.282717,"-0.198925, 9.282717"
17:27:01.688,1769592421.6881914,0.149184,7.868119,"0.149184, 7.868119"
17:27:01.715,1769592421.715903,0.149184,7.868119,"0.149184, 7.868119"
17:27:01.717,1769592421.7179697,0.927521,7.747521,"0.927521, 7.747521"
17:27:01.729,1769592421.7290182,0.927521,7.747521,"0.927521, 7.747521"
17:27:01.744,1769592421.7443495,0.927521,7.747521,"0.927521, 7.747521"
17:27:01.754,1769592421.7547312,0.155616,9.47579,"0.155616, 9.475790"
17:27:01.758,1769592421.7582476,0.155616,9.47579,"0.155616, 9.475790"
17:27:01.782,1769592421.7823884,0.155616,9.47579,"0.155616, 9.475790"
17:27:01.796,1769592421.796763,-1.587747,11.560079,"-1.587747, 11.560079"
17:27:01.803,1769592421.803314,-1.587747,11.560079,"-1.587747, 11.560079"
17:27:01.815,1769592421.8155718,-1.807059,11.779336,"-1.807059, 11.779336"
17:27:01.833,1769592421.833034,-1.807059,11.779336,"-1.807059, 11.779336"
17:27:01.837,1769592421.8376768,-1.807059,11.779336,"-1.807059, 11.779336"
17:27:01.853,1769592421.8533888,-2.626813,10.716603,"-2.626813, 10.716603"
17:27:01.864,1769592421.8652403,-2.626813,10.716603,"-2.626813, 10.716603"
17:27:01.882,1769592421.882786,-2.626813,10.716603,"-2.626813, 10.716603"
17:27:01.886,1769592421.8868537,-0.802187,10.32119,"-0.802187, 10.321190"
17:27:01.902,1769592421.9023492,-0.802187,10.32119,"-0.802187, 10.321190"
17:27:01.904,1769592421.90491,0.153818,11.12253,"0.153818, 11.122530"
17:27:01.923,1769592421.9236002,0.153818,11.12253,"0.153818, 11.122530"
17:27:01.938,1769592421.9384062,0.153818,11.12253,"0.153818, 11.122530"
17:27:01.953,1769592421.9536889,-0.454241,11.779191,"-0.454241, 11.779191"
17:27:01.956,1769592421.9567883,-0.454241,11.779191,"-0.454241, 11.779191"
17:27:01.969,1769592421.9699857,-0.454241,11.779191,"-0.454241, 11.779191"
17:27:01.984,1769592421.9845932,-0.548775,11.667302,"-0.548775, 11.667302"
17:27:01.996,1769592421.9963338,-0.548775,11.667302,"-0.548775, 11.667302"
17:27:02.012,1769592422.0121067,0.802043,10.160171,"0.802043, 10.160171"
17:27:02.027,1769592422.0272503,0.802043,10.160171,"0.802043, 10.160171"
17:27:02.031,1769592422.031345,0.802043,10.160171,"0.802043, 10.160171"
17:27:02.044,1769592422.0443978,0.118147,9.821163,"0.118147, 9.821163"
17:27:02.060,1769592422.0603278,0.118147,9.821163,"0.118147, 9.821163"
17:27:02.068,1769592422.0687032,0.118147,9.821163,"0.118147, 9.821163"
17:27:02.083,1769592422.0835888,-1.561933,11.089234,"-1.561933, 11.089234"
17:27:02.089,1769592422.0891333,-1.561933,11.089234,"-1.561933, 11.089234"
17:27:02.104,1769592422.1049151,-2.01073,12.107302,"-2.010730, 12.107302"
17:27:02.120,1769592422.1208413,-2.01073,12.107302,"-2.010730, 12.107302"
17:27:02.124,1769592422.1248517,-2.01073,12.107302,"-2.010730, 12.107302"
17:27:02.140,1769592422.140785,-0.581833,12.139251,"-0.581833, 12.139251"
17:27:02.157,1769592422.1570544,-0.581833,12.139251,"-0.581833, 12.139251"
17:27:02.162,1769592422.162818,-0.581833,12.139251,"-0.581833, 12.139251"
17:27:02.174,1769592422.1744676,-0.304489,11.676901,"-0.304489, 11.676901"
17:27:02.195,1769592422.1951714,-0.304489,11.676901,"-0.304489, 11.676901"
17:27:02.199,1769592422.1999705,-0.237322,11.087282,"-0.237322, 11.087282"
17:27:02.215,1769592422.2158902,-0.237322,11.087282,"-0.237322, 11.087282"
17:27:02.219,1769592422.2195492,-0.237322,11.087282,"-0.237322, 11.087282"
17:27:02.247,1769592422.2476468,-0.114786,10.860766,"-0.114786, 10.860766"
17:27:02.250,1769592422.250095,-0.114786,10.860766,"-0.114786, 10.860766"
17:27:02.255,1769592422.2558713,-0.114786,10.860766,"-0.114786, 10.860766"
17:27:02.274,1769592422.274558,-0.555414,11.201048,"-0.555414, 11.201048"
17:27:02.285,1769592422.2857244,-0.555414,11.201048,"-0.555414, 11.201048"
17:27:02.296,1769592422.2963555,-0.917707,11.175914,"-0.917707, 11.175914"
17:27:02.309,1769592422.3094392,-0.917707,11.175914,"-0.917707, 11.175914"
17:27:02.322,1769592422.32204,-0.917707,11.175914,"-0.917707, 11.175914"
17:27:02.324,1769592422.324284,-0.859576,10.969248,"-0.859576, 10.969248"
17:27:02.342,1769592422.3427365,-0.859576,10.969248,"-0.859576, 10.969248"
17:27:02.355,1769592422.355943,-0.859576,10.969248,"-0.859576, 10.969248"
17:27:02.374,1769592422.3754117,-0.41934,11.119097,"-0.419340, 11.119097"
17:27:02.381,1769592422.3815145,-0.41934,11.119097,"-0.419340, 11.119097"
17:27:02.392,1769592422.392024,-0.168435,11.817782,"-0.168435, 11.817782"
17:27:02.406,1769592422.4063637,-0.168435,11.817782,"-0.168435, 11.817782"
17:27:02.419,1769592422.4199743,-0.168435,11.817782,"-0.168435, 11.817782"
17:27:02.423,1769592422.4234846,-0.213156,12.333794,"-0.213156, 12.333794"
17:27:02.441,1769592422.4414759,-0.213156,12.333794,"-0.213156, 12.333794"
17:27:02.456,1769592422.4569979,-0.213156,12.333794,"-0.213156, 12.333794"
17:27:02.461,1769592422.4610739,-0.125184,12.415751,"-0.125184, 12.415751"
17:27:02.479,1769592422.4799094,-0.125184,12.415751,"-0.125184, 12.415751"
17:27:02.487,1769592422.487976,-0.123092,11.928749,"-0.123092, 11.928749"
17:27:02.509,1769592422.5094364,-0.123092,11.928749,"-0.123092, 11.928749"
17:27:02.514,1769592422.5141864,-0.123092,11.928749,"-0.123092, 11.928749"
17:27:02.527,1769592422.5270483,-0.38936,11.144857,"-0.389360, 11.144857"
17:27:02.532,1769592422.5327995,-0.38936,11.144857,"-0.389360, 11.144857"
17:27:02.551,1769592422.551563,-0.38936,11.144857,"-0.389360, 11.144857"
17:27:02.559,1769592422.5594137,-0.829953,10.791903,"-0.829953, 10.791903"
17:27:02.570,1769592422.5700428,-0.829953,10.791903,"-0.829953, 10.791903"
17:27:02.588,1769592422.5881803,-0.89837,11.009405,"-0.898370, 11.009405"
17:27:02.591,1769592422.591868,-0.89837,11.009405,"-0.898370, 11.009405"
17:27:02.612,1769592422.6125774,-0.89837,11.009405,"-0.898370, 11.009405"
17:27:02.617,1769592422.6172206,-0.727843,11.328968,"-0.727843, 11.328968"
17:27:02.632,1769592422.6329217,-0.727843,11.328968,"-0.727843, 11.328968"
17:27:02.639,1769592422.639138,-0.727843,11.328968,"-0.727843, 11.328968"
17:27:02.658,1769592422.6584206,1.410698,10.518059,"1.410698, 10.518059"
17:27:02.671,1769592422.6717565,1.410698,10.518059,"1.410698, 10.518059"
17:27:02.675,1769592422.6752756,-0.288311,10.567807,"-0.288311, 10.567807"
17:27:02.699,1769592422.6997287,-0.288311,10.567807,"-0.288311, 10.567807"
17:27:02.704,1769592422.704907,-0.288311,10.567807,"-0.288311, 10.567807"
17:27:02.720,1769592422.7208765,-0.716531,11.977222,"-0.716531, 11.977222"
17:27:02.724,1769592422.7249222,-0.716531,11.977222,"-0.716531, 11.977222"
17:27:02.739,1769592422.739979,-0.716531,11.977222,"-0.716531, 11.977222"
17:27:02.742,1769592422.7424872,-0.919936,12.599621,"-0.919936, 12.599621"
17:27:02.771,1769592422.7719445,-0.919936,12.599621,"-0.919936, 12.599621"
17:27:02.774,1769592422.7744513,0.119045,12.447283,"0.119045, 12.447283"
17:27:02.790,1769592422.7902696,0.119045,12.447283,"0.119045, 12.447283"
17:27:02.802,1769592422.8023598,0.119045,12.447283,"0.119045, 12.447283"
17:27:02.805,1769592422.8058846,0.370266,11.829531,"0.370266, 11.829531"
17:27:02.817,1769592422.8172226,0.370266,11.829531,"0.370266, 11.829531"
17:27:02.842,1769592422.842399,0.370266,11.829531,"0.370266, 11.829531"
17:27:02.846,1769592422.846281,-0.279524,11.962011,"-0.279524, 11.962011"
17:27:02.861,1769592422.8615723,-0.279524,11.962011,"-0.279524, 11.962011"
17:27:02.877,1769592422.8772252,-0.401359,12.321901,"-0.401359, 12.321901"
17:27:02.881,1769592422.8812644,-0.401359,12.321901,"-0.401359, 12.321901"
17:27:02.894,1769592422.8942258,-0.401359,12.321901,"-0.401359, 12.321901"
17:27:02.912,1769592422.9121845,-0.146647,12.102149,"-0.146647, 12.102149"
17:27:02.915,1769592422.915794,-0.146647,12.102149,"-0.146647, 12.102149"
17:27:02.928,1769592422.9283314,-0.146647,12.102149,"-0.146647, 12.102149"
17:27:02.944,1769592422.9449928,0.150117,11.74075,"0.150117, 11.740750"
17:27:02.959,1769592422.9597852,0.150117,11.74075,"0.150117, 11.740750"
17:27:02.965,1769592422.9659152,-0.399025,11.73385,"-0.399025, 11.733850"
17:27:02.983,1769592422.983001,-0.399025,11.73385,"-0.399025, 11.733850"
17:27:02.988,1769592422.9882905,-0.399025,11.73385,"-0.399025, 11.733850"
17:27:03.009,1769592423.0095828,-0.66083,11.83149,"-0.660830, 11.831490"
17:27:03.015,1769592423.015959,-0.66083,11.83149,"-0.660830, 11.831490"
17:27:03.028,1769592423.0285072,-0.66083,11.83149,"-0.660830, 11.831490"
17:27:03.042,1769592423.0425887,-0.325731,11.899937,"-0.325731, 11.899937"
17:27:03.057,1769592423.0575347,-0.325731,11.899937,"-0.325731, 11.899937"
17:27:03.059,1769592423.0595334,1.106978,11.643072,"1.106978, 11.643072"
17:27:03.075,1769592423.0753167,1.106978,11.643072,"1.106978, 11.643072"
17:27:03.092,1769592423.092638,1.106978,11.643072,"1.106978, 11.643072"
17:27:03.097,1769592423.097197,0.549253,11.728764,"0.549253, 11.728764"
17:27:03.115,1769592423.1151514,0.549253,11.728764,"0.549253, 11.728764"
17:27:03.125,1769592423.125311,0.549253,11.728764,"0.549253, 11.728764"
17:27:03.136,1769592423.136489,-1.512633,12.054493,"-1.512633, 12.054493"
17:27:03.148,1769592423.1488411,-1.512633,12.054493,"-1.512633, 12.054493"
17:27:03.162,1769592423.1622114,-1.889493,12.50327,"-1.889493, 12.503270"
17:27:03.170,1769592423.1704955,-1.889493,12.50327,"-1.889493, 12.503270"
17:27:03.184,1769592423.1843023,-1.889493,12.50327,"-1.889493, 12.503270"
17:27:03.197,1769592423.1979609,-0.48452,11.198135,"-0.484520, 11.198135"
17:27:03.201,1769592423.201064,-0.48452,11.198135,"-0.484520, 11.198135"
17:27:03.221,1769592423.2216597,-0.48452,11.198135,"-0.484520, 11.198135"
17:27:03.234,1769592423.234383,-0.359928,11.368472,"-0.359928, 11.368472"
17:27:03.237,1769592423.237923,-0.359928,11.368472,"-0.359928, 11.368472"
17:27:03.264,1769592423.2648532,-0.223998,12.287775,"-0.223998, 12.287775"
17:27:03.267,1769592423.2678747,-0.223998,12.287775,"-0.223998, 12.287775"
17:27:03.282,1769592423.2823076,-0.223998,12.287775,"-0.223998, 12.287775"
17:27:03.295,1769592423.2954369,0.075888,12.936805,"0.075888, 12.936805"
17:27:03.299,1769592423.2996027,0.075888,12.936805,"0.075888, 12.936805"
17:27:03.318,1769592423.3181708,0.075888,12.936805,"0.075888, 12.936805"
17:27:03.333,1769592423.3333592,-0.385548,13.208991,"-0.385548, 13.208991"
17:27:03.339,1769592423.3393793,-0.385548,13.208991,"-0.385548, 13.208991"
17:27:03.356,1769592423.356843,-0.187566,12.884368,"-0.187566, 12.884368"
17:27:03.360,1769592423.3608644,-0.187566,12.884368,"-0.187566, 12.884368"
17:27:03.383,1769592423.3835576,-0.187566,12.884368,"-0.187566, 12.884368"
17:27:03.388,1769592423.3886538,-0.045075,12.371991,"-0.045075, 12.371991"
17:27:03.401,1769592423.4017663,-0.045075,12.371991,"-0.045075, 12.371991"
17:27:03.419,1769592423.419727,-0.045075,12.371991,"-0.045075, 12.371991"
17:27:03.422,1769592423.4228144,-0.111035,12.125648,"-0.111035, 12.125648"
17:27:03.438,1769592423.4382927,-0.111035,12.125648,"-0.111035, 12.125648"
17:27:03.450,1769592423.4506364,-0.280651,11.814611,"-0.280651, 11.814611"
17:27:03.456,1769592423.4569585,-0.280651,11.814611,"-0.280651, 11.814611"
17:27:03.471,1769592423.471872,-0.280651,11.814611,"-0.280651, 11.814611"
17:27:03.486,1769592423.48699,-0.507537,12.096069,"-0.507537, 12.096069"
17:27:03.497,1769592423.497671,-0.507537,12.096069,"-0.507537, 12.096069"
17:27:03.509,1769592423.5099742,-0.507537,12.096069,"-0.507537, 12.096069"
17:27:03.521,1769592423.522545,-0.484904,12.343805,"-0.484904, 12.343805"
17:27:03.526,1769592423.5260634,-0.484904,12.343805,"-0.484904, 12.343805"
17:27:03.544,1769592423.5442286,-0.347692,12.680246,"-0.347692, 12.680246"
17:27:03.559,1769592423.5598679,-0.347692,12.680246,"-0.347692, 12.680246"
17:27:03.565,1769592423.565176,-0.347692,12.680246,"-0.347692, 12.680246"
17:27:03.581,1769592423.581675,-0.0887,12.401236,"-0.088700, 12.401236"
17:27:03.597,1769592423.5978024,-0.0887,12.401236,"-0.088700, 12.401236"
17:27:03.604,1769592423.604965,-0.0887,12.401236,"-0.088700, 12.401236"
17:27:03.615,1769592423.615354,-0.290591,11.770607,"-0.290591, 11.770607"
17:27:03.633,1769592423.6331267,-0.290591,11.770607,"-0.290591, 11.770607"
17:27:03.634,1769592423.6341257,-0.321627,11.454466,"-0.321627, 11.454466"
17:27:03.651,1769592423.6517186,-0.321627,11.454466,"-0.321627, 11.454466"
17:27:03.664,1769592423.6642892,-0.321627,11.454466,"-0.321627, 11.454466"
17:27:03.678,1769592423.6784375,-0.374112,11.696412,"-0.374112, 11.696412"
17:27:03.690,1769592423.690797,-0.374112,11.696412,"-0.374112, 11.696412"
17:27:03.694,1769592423.694328,-0.374112,11.696412,"-0.374112, 11.696412"
17:27:03.708,1769592423.708281,0.037013,11.984287,"0.037013, 11.984287"
17:27:03.729,1769592423.729255,0.037013,11.984287,"0.037013, 11.984287"
17:27:03.736,1769592423.736758,-0.880585,11.836557,"-0.880585, 11.836557"
17:27:03.752,1769592423.7527878,-0.880585,11.836557,"-0.880585, 11.836557"
17:27:03.756,1769592423.7569342,-0.880585,11.836557,"-0.880585, 11.836557"
17:27:03.767,1769592423.7678692,-1.096399,11.506187,"-1.096399, 11.506187"
17:27:03.786,1769592423.7860148,-1.096399,11.506187,"-1.096399, 11.506187"
17:27:03.796,1769592423.7968676,-1.096399,11.506187,"-1.096399, 11.506187"
17:27:03.804,1769592423.8049517,-0.744433,11.769621,"-0.744433, 11.769621"
17:27:03.829,1769592423.8295689,-0.744433,11.769621,"-0.744433, 11.769621"
17:27:03.832,1769592423.8326344,0.03491,12.300931,"0.034910, 12.300931"
17:27:03.842,1769592423.8426065,0.03491,12.300931,"0.034910, 12.300931"
17:27:03.861,1769592423.8610773,0.03491,12.300931,"0.034910, 12.300931"
17:27:03.864,1769592423.8652494,0.776807,12.36529,"0.776807, 12.365290"
17:27:03.877,1769592423.8772583,0.776807,12.36529,"0.776807, 12.365290"
17:27:03.896,1769592423.8963606,0.776807,12.36529,"0.776807, 12.365290"
17:27:03.900,1769592423.9004712,0.216938,13.106264,"0.216938, 13.106264"
17:27:03.911,1769592423.9116957,0.216938,13.106264,"0.216938, 13.106264"
17:27:03.936,1769592423.9360435,-0.408306,12.338992,"-0.408306, 12.338992"
17:27:03.938,1769592423.9385548,-0.408306,12.338992,"-0.408306, 12.338992"
17:27:03.952,1769592423.952334,-0.408306,12.338992,"-0.408306, 12.338992"
17:27:03.967,1769592423.9673436,-0.971493,12.618942,"-0.971493, 12.618942"
17:27:03.970,1769592423.9705226,-0.971493,12.618942,"-0.971493, 12.618942"
17:27:03.979,1769592423.9794753,-0.971493,12.618942,"-0.971493, 12.618942"
17:27:04.003,1769592424.0036702,-0.64228,12.359678,"-0.642280, 12.359678"
17:27:04.006,1769592424.0067246,-0.64228,12.359678,"-0.642280, 12.359678"
17:27:04.031,1769592424.0319552,0.853102,11.487862,"0.853102, 11.487862"
17:27:04.034,1769592424.0344734,0.853102,11.487862,"0.853102, 11.487862"
17:27:04.053,1769592424.0535483,0.853102,11.487862,"0.853102, 11.487862"
17:27:04.055,1769592424.055962,0.617302,12.290096,"0.617302, 12.290096"
17:27:04.071,1769592424.071731,0.617302,12.290096,"0.617302, 12.290096"
17:27:04.084,1769592424.0846426,0.617302,12.290096,"0.617302, 12.290096"
17:27:04.088,1769592424.0882,-0.558024,13.198528,"-0.558024, 13.198528"
17:27:04.110,1769592424.1108673,-0.558024,13.198528,"-0.558024, 13.198528"
17:27:04.127,1769592424.127467,-0.65184,13.77461,"-0.651840, 13.774610"
17:27:04.132,1769592424.1320467,-0.65184,13.77461,"-0.651840, 13.774610"
17:27:04.144,1769592424.1443062,-0.65184,13.77461,"-0.651840, 13.774610"
17:27:04.156,1769592424.1569533,0.356003,13.12775,"0.356003, 13.127750"
17:27:04.170,1769592424.170586,0.356003,13.12775,"0.356003, 13.127750"
17:27:04.179,1769592424.1796963,0.356003,13.12775,"0.356003, 13.127750"
17:27:04.192,1769592424.1926491,1.028952,12.256427,"1.028952, 12.256427"
17:27:04.199,1769592424.1998668,1.028952,12.256427,"1.028952, 12.256427"
17:27:04.214,1769592424.2143612,0.548545,12.011824,"0.548545, 12.011824"
17:27:04.231,1769592424.2319007,0.548545,12.011824,"0.548545, 12.011824"
17:27:04.235,1769592424.2358716,0.548545,12.011824,"0.548545, 12.011824"
17:27:04.254,1769592424.2549808,-0.269184,12.233638,"-0.269184, 12.233638"
17:27:04.258,1769592424.258634,-0.269184,12.233638,"-0.269184, 12.233638"
17:27:04.269,1769592424.2698534,-0.269184,12.233638,"-0.269184, 12.233638"
17:27:04.288,1769592424.2888308,-0.52754,12.489642,"-0.527540, 12.489642"
17:27:04.302,1769592424.3025239,-0.52754,12.489642,"-0.527540, 12.489642"
17:27:04.308,1769592424.3080502,0.366098,12.468642,"0.366098, 12.468642"
17:27:04.323,1769592424.323412,0.366098,12.468642,"0.366098, 12.468642"
17:27:04.339,1769592424.3393056,0.366098,12.468642,"0.366098, 12.468642"
17:27:04.350,1769592424.3500934,0.203091,12.633657,"0.203091, 12.633657"
17:27:04.359,1769592424.359732,0.203091,12.633657,"0.203091, 12.633657"
17:27:04.372,1769592424.3720856,0.203091,12.633657,"0.203091, 12.633657"
17:27:04.390,1769592424.3908014,-0.859745,12.974855,"-0.859745, 12.974855"
17:27:04.394,1769592424.3945246,-0.859745,12.974855,"-0.859745, 12.974855"
17:27:04.408,1769592424.4086912,-0.981201,13.229662,"-0.981201, 13.229662"
17:27:04.425,1769592424.4253461,-0.981201,13.229662,"-0.981201, 13.229662"
17:27:04.429,1769592424.4296622,-0.981201,13.229662,"-0.981201, 13.229662"
17:27:04.442,1769592424.44278,-0.151859,12.998505,"-0.151859, 12.998505"
17:27:04.461,1769592424.4616833,-0.151859,12.998505,"-0.151859, 12.998505"
17:27:04.469,1769592424.469645,-0.151859,12.998505,"-0.151859, 12.998505"
17:27:04.476,1769592424.4766037,0.432976,12.713547,"0.432976, 12.713547"
17:27:04.492,1769592424.4929132,0.432976,12.713547,"0.432976, 12.713547"
17:27:04.505,1769592424.5058994,0.147169,12.79425,"0.147169, 12.794250"
17:27:04.518,1769592424.5184996,0.147169,12.79425,"0.147169, 12.794250"
17:27:04.525,1769592424.525147,0.147169,12.79425,"0.147169, 12.794250"
17:27:04.543,1769592424.5435243,-0.03789,12.604755,"-0.037890, 12.604755"
17:27:04.546,1769592424.546542,-0.03789,12.604755,"-0.037890, 12.604755"
17:27:04.555,1769592424.5559404,-0.03789,12.604755,"-0.037890, 12.604755"
17:27:04.578,1769592424.5783925,-0.220071,12.438254,"-0.220071, 12.438254"
17:27:04.584,1769592424.5847762,-0.220071,12.438254,"-0.220071, 12.438254"
17:27:04.603,1769592424.6035407,-0.262404,12.437243,"-0.262404, 12.437243"
17:27:04.614,1769592424.6142492,-0.262404,12.437243,"-0.262404, 12.437243"
17:27:04.625,1769592424.6254923,-0.262404,12.437243,"-0.262404, 12.437243"
17:27:04.637,1769592424.6372406,0.272482,12.588974,"0.272482, 12.588974"
17:27:04.650,1769592424.6504807,0.272482,12.588974,"0.272482, 12.588974"
17:27:04.654,1769592424.6546624,0.272482,12.588974,"0.272482, 12.588974"
17:27:04.672,1769592424.6729467,0.462839,12.439773,"0.462839, 12.439773"
17:27:04.687,1769592424.6873298,0.462839,12.439773,"0.462839, 12.439773"
17:27:04.695,1769592424.6958327,0.295175,12.722198,"0.295175, 12.722198"
17:27:04.714,1769592424.7145972,0.295175,12.722198,"0.295175, 12.722198"
17:27:04.717,1769592424.7187078,0.295175,12.722198,"0.295175, 12.722198"
17:27:04.729,1769592424.7295504,-0.439298,12.847965,"-0.439298, 12.847965"
17:27:04.744,1769592424.7444563,-0.439298,12.847965,"-0.439298, 12.847965"
17:27:04.757,1769592424.7572305,-0.439298,12.847965,"-0.439298, 12.847965"
17:27:04.774,1769592424.7741709,-0.313267,12.689831,"-0.313267, 12.689831"
17:27:04.777,1769592424.7772331,-0.313267,12.689831,"-0.313267, 12.689831"
17:27:04.792,1769592424.79203,-0.128434,12.650776,"-0.128434, 12.650776"
17:27:04.805,1769592424.8059318,-0.128434,12.650776,"-0.128434, 12.650776"
17:27:04.820,1769592424.8208954,-0.128434,12.650776,"-0.128434, 12.650776"
17:27:04.823,1769592424.82391,-0.17097,12.932365,"-0.170970, 12.932365"
17:27:04.835,1769592424.8357692,-0.17097,12.932365,"-0.170970, 12.932365"
17:27:04.854,1769592424.8541503,-0.17097,12.932365,"-0.170970, 12.932365"
17:27:04.867,1769592424.8679366,-0.651251,12.867249,"-0.651251, 12.867249"
17:27:04.871,1769592424.871538,-0.651251,12.867249,"-0.651251, 12.867249"
17:27:04.895,1769592424.8956854,-0.439436,12.710915,"-0.439436, 12.710915"
17:27:04.898,1769592424.8983722,-0.439436,12.710915,"-0.439436, 12.710915"
17:27:04.911,1769592424.9110575,-0.439436,12.710915,"-0.439436, 12.710915"
17:27:04.928,1769592424.9283645,-0.467862,12.945214,"-0.467862, 12.945214"
17:27:04.931,1769592424.932,-0.467862,12.945214,"-0.467862, 12.945214"
17:27:04.946,1769592424.946748,-0.467862,12.945214,"-0.467862, 12.945214"
17:27:04.963,1769592424.9630444,-0.443566,13.114017,"-0.443566, 13.114017"
17:27:04.967,1769592424.9674335,-0.443566,13.114017,"-0.443566, 13.114017"
17:27:04.985,1769592424.9854984,0.018657,12.786773,"0.018657, 12.786773"
17:27:04.999,1769592424.999143,0.018657,12.786773,"0.018657, 12.786773"
17:27:05.003,1769592425.0036013,0.018657,12.786773,"0.018657, 12.786773"
17:27:05.011,1769592425.0119274,-0.424494,12.793388,"-0.424494, 12.793388"
17:27:05.037,1769592425.0371091,-0.424494,12.793388,"-0.424494, 12.793388"
17:27:05.039,1769592425.0392003,-0.424494,12.793388,"-0.424494, 12.793388"
17:27:05.045,1769592425.0457683,-0.582937,13.005939,"-0.582937, 13.005939"
17:27:05.065,1769592425.0652518,-0.582937,13.005939,"-0.582937, 13.005939"
17:27:05.083,1769592425.0837114,-0.21963,12.744807,"-0.219630, 12.744807"
17:27:05.094,1769592425.094968,-0.21963,12.744807,"-0.219630, 12.744807"
17:27:05.113,1769592425.1132915,-0.21963,12.744807,"-0.219630, 12.744807"
17:27:05.116,1769592425.116066,0.130653,12.68533,"0.130653, 12.685330"
17:27:05.129,1769592425.1299248,0.130653,12.68533,"0.130653, 12.685330"
17:27:05.144,1769592425.1440659,0.130653,12.68533,"0.130653, 12.685330"
17:27:05.147,1769592425.1477103,-0.133345,12.664637,"-0.133345, 12.664637"
17:27:05.170,1769592425.170811,-0.133345,12.664637,"-0.133345, 12.664637"
17:27:05.175,1769592425.1758687,0.128981,12.524822,"0.128981, 12.524822"
17:27:05.188,1769592425.1899762,0.128981,12.524822,"0.128981, 12.524822"
17:27:05.198,1769592425.1986427,0.128981,12.524822,"0.128981, 12.524822"
17:27:05.215,1769592425.2152514,0.106842,12.476818,"0.106842, 12.476818"
17:27:05.219,1769592425.219774,0.106842,12.476818,"0.106842, 12.476818"
17:27:05.231,1769592425.231454,0.106842,12.476818,"0.106842, 12.476818"
17:27:05.250,1769592425.2505364,-0.121416,12.614275,"-0.121416, 12.614275"
17:27:05.264,1769592425.2648215,-0.121416,12.614275,"-0.121416, 12.614275"
17:27:05.269,1769592425.269952,0.221883,12.398067,"0.221883, 12.398067"
17:27:05.285,1769592425.2857556,0.221883,12.398067,"0.221883, 12.398067"
17:27:05.294,1769592425.2942793,0.221883,12.398067,"0.221883, 12.398067"
17:27:05.309,1769592425.309432,1.023498,12.398525,"1.023498, 12.398525"
17:27:05.324,1769592425.3242648,1.023498,12.398525,"1.023498, 12.398525"
17:27:05.328,1769592425.3283305,1.023498,12.398525,"1.023498, 12.398525"
17:27:05.342,1769592425.3429751,0.332174,12.805568,"0.332174, 12.805568"
17:27:05.358,1769592425.3584592,0.332174,12.805568,"0.332174, 12.805568"
17:27:05.364,1769592425.3646622,-0.256147,12.593491,"-0.256147, 12.593491"
17:27:05.379,1769592425.379929,-0.256147,12.593491,"-0.256147, 12.593491"
17:27:05.407,1769592425.4070933,-0.256147,12.593491,"-0.256147, 12.593491"
17:27:05.409,1769592425.4094203,-0.838392,12.867151,"-0.838392, 12.867151"
17:27:05.413,1769592425.413378,-0.838392,12.867151,"-0.838392, 12.867151"
17:27:05.428,1769592425.4282985,-0.838392,12.867151,"-0.838392, 12.867151"
17:27:05.439,1769592425.4391246,-0.169945,12.413475,"-0.169945, 12.413475"
17:27:05.454,1769592425.4549708,-0.169945,12.413475,"-0.169945, 12.413475"
17:27:05.467,1769592425.4678392,0.258242,12.290201,"0.258242, 12.290201"
17:27:05.472,1769592425.4722426,0.258242,12.290201,"0.258242, 12.290201"
17:27:05.486,1769592425.4867666,0.258242,12.290201,"0.258242, 12.290201"
17:27:05.507,1769592425.5072882,-0.176194,12.831272,"-0.176194, 12.831272"
17:27:05.517,1769592425.5172014,-0.176194,12.831272,"-0.176194, 12.831272"
17:27:05.521,1769592425.5213923,-0.176194,12.831272,"-0.176194, 12.831272"
17:27:05.543,1769592425.543089,-0.321479,12.943277,"-0.321479, 12.943277"
17:27:05.545,1769592425.5451384,-0.321479,12.943277,"-0.321479, 12.943277"
17:27:05.557,1769592425.5578706,-0.79812,13.147418,"-0.798120, 13.147418"
17:27:05.571,1769592425.5715988,-0.79812,13.147418,"-0.798120, 13.147418"
17:27:05.582,1769592425.5823755,-0.79812,13.147418,"-0.798120, 13.147418"
17:27:05.592,1769592425.5920577,-0.470822,12.972706,"-0.470822, 12.972706"
17:27:05.608,1769592425.60846,-0.470822,12.972706,"-0.470822, 12.972706"
17:27:05.619,1769592425.6197784,-0.470822,12.972706,"-0.470822, 12.972706"
17:27:05.632,1769592425.6320946,0.350402,12.412727,"0.350402, 12.412727"
17:27:05.655,1769592425.656192,0.350402,12.412727,"0.350402, 12.412727"
17:27:05.658,1769592425.6581953,-0.06839,12.236854,"-0.068390, 12.236854"
17:27:05.669,1769592425.6694534,-0.06839,12.236854,"-0.068390, 12.236854"
17:27:05.682,1769592425.6822138,-0.06839,12.236854,"-0.068390, 12.236854"
17:27:05.693,1769592425.6931334,-0.592654,12.431112,"-0.592654, 12.431112"
17:27:05.707,1769592425.707,-0.592654,12.431112,"-0.592654, 12.431112"
17:27:05.711,1769592425.7110565,-0.592654,12.431112,"-0.592654, 12.431112"
17:27:05.727,1769592425.727143,-0.394291,12.396046,"-0.394291, 12.396046"
17:27:05.747,1769592425.7478626,-0.394291,12.396046,"-0.394291, 12.396046"
17:27:05.757,1769592425.7579992,-0.50266,12.860242,"-0.502660, 12.860242"
17:27:05.761,1769592425.7611635,-0.50266,12.860242,"-0.502660, 12.860242"
17:27:05.774,1769592425.774587,-0.50266,12.860242,"-0.502660, 12.860242"
17:27:05.790,1769592425.7903452,0.397887,12.622185,"0.397887, 12.622185"
17:27:05.796,1769592425.7967558,0.397887,12.622185,"0.397887, 12.622185"
17:27:05.813,1769592425.8130274,0.397887,12.622185,"0.397887, 12.622185"
17:27:05.824,1769592425.8248487,0.261525,12.494883,"0.261525, 12.494883"
17:27:05.835,1769592425.8357978,0.261525,12.494883,"0.261525, 12.494883"
17:27:05.851,1769592425.8514946,-0.62647,12.665978,"-0.626470, 12.665978"
17:27:05.855,1769592425.8555834,-0.62647,12.665978,"-0.626470, 12.665978"
17:27:05.869,1769592425.8696945,-0.62647,12.665978,"-0.626470, 12.665978"
17:27:05.889,1769592425.8893194,-0.509487,12.528643,"-0.509487, 12.528643"
17:27:05.891,1769592425.8918352,-0.509487,12.528643,"-0.509487, 12.528643"
17:27:05.911,1769592425.9119692,-0.509487,12.528643,"-0.509487, 12.528643"
17:27:05.915,1769592425.9157307,-0.203871,12.504364,"-0.203871, 12.504364"
17:27:05.934,1769592425.9347043,-0.203871,12.504364,"-0.203871, 12.504364"
17:27:05.944,1769592425.9444473,0.032595,12.395437,"0.032595, 12.395437"
17:27:05.955,1769592425.9558136,0.032595,12.395437,"0.032595, 12.395437"
17:27:05.968,1769592425.9686034,0.032595,12.395437,"0.032595, 12.395437"
17:27:05.977,1769592425.977286,-0.316216,12.607197,"-0.316216, 12.607197"
17:27:05.990,1769592425.9900033,-0.316216,12.607197,"-0.316216, 12.607197"
17:27:06.008,1769592426.0084302,-0.316216,12.607197,"-0.316216, 12.607197"
17:27:06.013,1769592426.0131493,-0.744934,13.042728,"-0.744934, 13.042728"
17:27:06.034,1769592426.034613,-0.744934,13.042728,"-0.744934, 13.042728"
17:27:06.036,1769592426.0366278,0.040857,12.553222,"0.040857, 12.553222"
17:27:06.054,1769592426.0549364,0.040857,12.553222,"0.040857, 12.553222"
17:27:06.065,1769592426.0652163,0.040857,12.553222,"0.040857, 12.553222"
17:27:06.078,1769592426.0782201,-0.295368,12.913334,"-0.295368, 12.913334"
17:27:06.088,1769592426.088098,-0.295368,12.913334,"-0.295368, 12.913334"
17:27:06.099,1769592426.0992138,-0.295368,12.913334,"-0.295368, 12.913334"
17:27:06.112,1769592426.112166,-0.022215,12.689066,"-0.022215, 12.689066"
17:27:06.123,1769592426.1232574,-0.022215,12.689066,"-0.022215, 12.689066"
17:27:06.135,1769592426.1357234,-0.500802,12.68726,"-0.500802, 12.687260"
17:27:06.157,1769592426.1570268,-0.500802,12.68726,"-0.500802, 12.687260"
17:27:06.157,1769592426.1570268,-0.500802,12.68726,"-0.500802, 12.687260"
17:27:06.184,1769592426.1840754,-0.279259,12.350371,"-0.279259, 12.350371"
17:27:06.187,1769592426.18715,-0.279259,12.350371,"-0.279259, 12.350371"
17:27:06.192,1769592426.1926987,-0.279259,12.350371,"-0.279259, 12.350371"
17:27:06.214,1769592426.2148564,-0.32236,12.411402,"-0.322360, 12.411402"
17:27:06.216,1769592426.216115,-0.32236,12.411402,"-0.322360, 12.411402"
17:27:06.231,1769592426.2324972,0.331068,12.359169,"0.331068, 12.359169"
17:27:06.248,1769592426.2489681,0.331068,12.359169,"0.331068, 12.359169"
17:27:06.251,1769592426.2518482,0.331068,12.359169,"0.331068, 12.359169"
17:27:06.273,1769592426.2732615,0.323754,12.242893,"0.323754, 12.242893"
17:27:06.286,1769592426.2864885,0.323754,12.242893,"0.323754, 12.242893"
17:27:06.289,1769592426.289129,0.323754,12.242893,"0.323754, 12.242893"
17:27:06.311,1769592426.3118684,0.015861,12.485601,"0.015861, 12.485601"
17:27:06.315,1769592426.315044,0.015861,12.485601,"0.015861, 12.485601"
17:27:06.326,1769592426.3267257,0.131391,12.559446,"0.131391, 12.559446"
17:27:06.332,1769592426.332381,0.131391,12.559446,"0.131391, 12.559446"
17:27:06.359,1769592426.3599114,0.131391,12.559446,"0.131391, 12.559446"
17:27:06.361,1769592426.361924,-0.150381,12.782114,"-0.150381, 12.782114"
17:27:06.373,1769592426.373648,-0.150381,12.782114,"-0.150381, 12.782114"
17:27:06.386,1769592426.3867667,-0.150381,12.782114,"-0.150381, 12.782114"
17:27:06.399,1769592426.3990226,0.071374,13.053017,"0.071374, 13.053017"
17:27:06.412,1769592426.4120352,0.071374,13.053017,"0.071374, 13.053017"
17:27:06.431,1769592426.431196,0.070184,12.764225,"0.070184, 12.764225"
17:27:06.432,1769592426.432712,0.070184,12.764225,"0.070184, 12.764225"
17:27:06.468,1769592426.4687364,0.070184,12.764225,"0.070184, 12.764225"
17:27:06.478,1769592426.478457,0.218829,12.159366,"0.218829, 12.159366"
17:27:06.488,1769592426.4882598,0.218829,12.159366,"0.218829, 12.159366"
17:27:06.492,1769592426.4929504,0.218829,12.159366,"0.218829, 12.159366"
17:27:06.496,1769592426.4965577,-0.114033,12.197098,"-0.114033, 12.197098"
17:27:06.507,1769592426.5079224,-0.114033,12.197098,"-0.114033, 12.197098"
17:27:06.531,1769592426.5313866,0.186005,12.378001,"0.186005, 12.378001"
17:27:06.541,1769592426.5410097,0.186005,12.378001,"0.186005, 12.378001"
17:27:06.543,1769592426.5430753,0.186005,12.378001,"0.186005, 12.378001"
17:27:06.559,1769592426.5594532,0.408702,12.435917,"0.408702, 12.435917"
17:27:06.579,1769592426.5795019,0.408702,12.435917,"0.408702, 12.435917"
17:27:06.583,1769592426.5839279,0.408702,12.435917,"0.408702, 12.435917"
17:27:06.592,1769592426.5928779,0.33478,12.390014,"0.334780, 12.390014"
17:27:06.607,1769592426.6073623,0.33478,12.390014,"0.334780, 12.390014"
17:27:06.610,1769592426.610989,-0.048806,12.546442,"-0.048806, 12.546442"
17:27:06.619,1769592426.6194506,-0.048806,12.546442,"-0.048806, 12.546442"
17:27:06.638,1769592426.6380236,-0.048806,12.546442,"-0.048806, 12.546442"
17:27:06.659,1769592426.6593914,-0.412271,12.739416,"-0.412271, 12.739416"
17:27:06.667,1769592426.6675682,-0.412271,12.739416,"-0.412271, 12.739416"
17:27:06.678,1769592426.6782598,-0.412271,12.739416,"-0.412271, 12.739416"
17:27:06.699,1769592426.69914,-0.178243,12.761272,"-0.178243, 12.761272"
17:27:06.704,1769592426.7048087,-0.178243,12.761272,"-0.178243, 12.761272"
17:27:06.710,1769592426.7109985,0.201802,12.45282,"0.201802, 12.452820"
17:27:06.720,1769592426.7208366,0.201802,12.45282,"0.201802, 12.452820"
17:27:06.748,1769592426.7480493,0.201802,12.45282,"0.201802, 12.452820"
17:27:06.750,1769592426.7505553,0.024991,12.436422,"0.024991, 12.436422"
17:27:06.754,1769592426.754592,0.024991,12.436422,"0.024991, 12.436422"
17:27:06.770,1769592426.7700515,0.024991,12.436422,"0.024991, 12.436422"
17:27:06.782,1769592426.782876,-0.471264,12.415489,"-0.471264, 12.415489"
17:27:06.794,1769592426.7945669,-0.471264,12.415489,"-0.471264, 12.415489"
17:27:06.812,1769592426.812025,-0.360154,12.322079,"-0.360154, 12.322079"
17:27:06.823,1769592426.823332,-0.360154,12.322079,"-0.360154, 12.322079"
17:27:06.826,1769592426.8268404,-0.360154,12.322079,"-0.360154, 12.322079"
17:27:06.844,1769592426.8444173,-0.29902,12.450579,"-0.299020, 12.450579"
17:27:06.855,1769592426.8558362,-0.29902,12.450579,"-0.299020, 12.450579"
17:27:06.869,1769592426.8699074,-0.29902,12.450579,"-0.299020, 12.450579"
17:27:06.882,1769592426.88245,-0.180711,12.255207,"-0.180711, 12.255207"
17:27:06.904,1769592426.9048629,-0.180711,12.255207,"-0.180711, 12.255207"
17:27:06.909,1769592426.9093742,-0.45503,12.953621,"-0.455030, 12.953621"
17:27:06.913,1769592426.9132252,-0.45503,12.953621,"-0.455030, 12.953621"
17:27:06.924,1769592426.924303,-0.45503,12.953621,"-0.455030, 12.953621"
17:27:06.950,1769592426.9509008,-0.106748,12.705755,"-0.106748, 12.705755"
17:27:06.954,1769592426.9545665,-0.106748,12.705755,"-0.106748, 12.705755"
17:27:06.973,1769592426.973472,-0.106748,12.705755,"-0.106748, 12.705755"
17:27:06.975,1769592426.9754803,-0.206713,12.541935,"-0.206713, 12.541935"
17:27:06.992,1769592426.9925594,-0.206713,12.541935,"-0.206713, 12.541935"
17:27:07.001,1769592427.0015683,-0.116073,12.412405,"-0.116073, 12.412405"
17:27:07.012,1769592427.0121927,-0.116073,12.412405,"-0.116073, 12.412405"
17:27:07.023,1769592427.0236294,-0.116073,12.412405,"-0.116073, 12.412405"
17:27:07.044,1769592427.0441606,-0.601811,12.676695,"-0.601811, 12.676695"
17:27:07.048,1769592427.0486298,-0.601811,12.676695,"-0.601811, 12.676695"
17:27:07.062,1769592427.0621989,-0.601811,12.676695,"-0.601811, 12.676695"
17:27:07.075,1769592427.0755286,-0.275439,12.519409,"-0.275439, 12.519409"
17:27:07.082,1769592427.0825117,-0.275439,12.519409,"-0.275439, 12.519409"
17:27:07.096,1769592427.096275,-0.526201,12.45504,"-0.526201, 12.455040"
17:27:07.109,1769592427.1094303,-0.526201,12.45504,"-0.526201, 12.455040"
17:27:07.121,1769592427.1210637,-0.526201,12.45504,"-0.526201, 12.455040"
17:27:07.144,1769592427.144284,-0.149108,12.676266,"-0.149108, 12.676266"
17:27:07.146,1769592427.1462996,-0.149108,12.676266,"-0.149108, 12.676266"
17:27:07.153,1769592427.1542392,-0.149108,12.676266,"-0.149108, 12.676266"
17:27:07.178,1769592427.1785076,-0.303452,12.835741,"-0.303452, 12.835741"
17:27:07.181,1769592427.1810212,-0.303452,12.835741,"-0.303452, 12.835741"
17:27:07.189,1769592427.1894467,-0.023601,12.64483,"-0.023601, 12.644830"
17:27:07.207,1769592427.2077868,-0.023601,12.64483,"-0.023601, 12.644830"
17:27:07.211,1769592427.21194,-0.023601,12.64483,"-0.023601, 12.644830"
17:27:07.229,1769592427.2295816,-0.304973,12.482891,"-0.304973, 12.482891"
17:27:07.255,1769592427.2559142,-0.304973,12.482891,"-0.304973, 12.482891"
17:27:07.258,1769592427.2580736,-0.304973,12.482891,"-0.304973, 12.482891"
17:27:07.263,1769592427.2633014,-0.273895,12.664663,"-0.273895, 12.664663"
17:27:07.278,1769592427.2785733,-0.273895,12.664663,"-0.273895, 12.664663"
17:27:07.282,1769592427.2828207,-0.536859,12.857269,"-0.536859, 12.857269"
17:27:07.307,1769592427.3077195,-0.536859,12.857269,"-0.536859, 12.857269"
17:27:07.310,1769592427.3102603,-0.536859,12.857269,"-0.536859, 12.857269"
17:27:07.327,1769592427.3273518,0.022199,12.636837,"0.022199, 12.636837"
17:27:07.331,1769592427.3316221,0.022199,12.636837,"0.022199, 12.636837"
17:27:07.348,1769592427.3488576,0.022199,12.636837,"0.022199, 12.636837"
17:27:07.351,1769592427.351877,-0.217615,12.628334,"-0.217615, 12.628334"
17:27:07.377,1769592427.3773813,-0.217615,12.628334,"-0.217615, 12.628334"
17:27:07.379,1769592427.3794382,-0.111029,12.415569,"-0.111029, 12.415569"
17:27:07.395,1769592427.3952274,-0.111029,12.415569,"-0.111029, 12.415569"
17:27:07.411,1769592427.4112911,-0.111029,12.415569,"-0.111029, 12.415569"
17:27:07.416,1769592427.416622,-0.227111,12.814131,"-0.227111, 12.814131"
17:27:07.434,1769592427.4342213,-0.227111,12.814131,"-0.227111, 12.814131"
17:27:07.446,1769592427.446389,-0.227111,12.814131,"-0.227111, 12.814131"
17:27:07.450,1769592427.4504888,-0.043577,12.450062,"-0.043577, 12.450062"
17:27:07.459,1769592427.4595912,-0.043577,12.450062,"-0.043577, 12.450062"
17:27:07.483,1769592427.4838448,-0.179384,12.853184,"-0.179384, 12.853184"
17:27:07.488,1769592427.488527,-0.179384,12.853184,"-0.179384, 12.853184"
17:27:07.504,1769592427.5045788,-0.179384,12.853184,"-0.179384, 12.853184"
17:27:07.517,1769592427.5173266,-0.029294,12.836568,"-0.029294, 12.836568"
17:27:07.524,1769592427.5241802,-0.029294,12.836568,"-0.029294, 12.836568"
17:27:07.540,1769592427.5404618,-0.029294,12.836568,"-0.029294, 12.836568"
17:27:07.553,1769592427.55329,-0.421699,12.937424,"-0.421699, 12.937424"
17:27:07.562,1769592427.5629034,-0.421699,12.937424,"-0.421699, 12.937424"
17:27:07.571,1769592427.5728571,-0.652675,12.886456,"-0.652675, 12.886456"
17:27:07.590,1769592427.590992,-0.652675,12.886456,"-0.652675, 12.886456"
17:27:07.595,1769592427.5950053,-0.652675,12.886456,"-0.652675, 12.886456"
17:27:07.623,1769592427.6232266,-0.251353,12.646328,"-0.251353, 12.646328"
17:27:07.625,1769592427.625231,-0.251353,12.646328,"-0.251353, 12.646328"
17:27:07.629,1769592427.629336,-0.251353,12.646328,"-0.251353, 12.646328"
17:27:07.649,1769592427.649612,0.286855,12.84625,"0.286855, 12.846250"
17:27:07.664,1769592427.664476,0.286855,12.84625,"0.286855, 12.846250"
17:27:07.666,1769592427.666483,-0.016029,12.710495,"-0.016029, 12.710495"
17:27:07.682,1769592427.682692,-0.016029,12.710495,"-0.016029, 12.710495"
17:27:07.695,1769592427.6953697,-0.016029,12.710495,"-0.016029, 12.710495"
17:27:07.704,1769592427.7045019,0.597476,12.550028,"0.597476, 12.550028"
17:27:07.722,1769592427.7222302,0.597476,12.550028,"0.597476, 12.550028"
17:27:07.733,1769592427.733604,0.597476,12.550028,"0.597476, 12.550028"
17:27:07.743,1769592427.743477,0.068233,12.641513,"0.068233, 12.641513"
17:27:07.755,1769592427.755866,0.068233,12.641513,"0.068233, 12.641513"
17:27:07.767,1769592427.7676506,-0.046266,12.580123,"-0.046266, 12.580123"
17:27:07.776,1769592427.776587,-0.046266,12.580123,"-0.046266, 12.580123"
17:27:07.792,1769592427.792024,-0.046266,12.580123,"-0.046266, 12.580123"
17:27:07.807,1769592427.807945,-0.143407,12.372839,"-0.143407, 12.372839"
17:27:07.822,1769592427.8221385,-0.143407,12.372839,"-0.143407, 12.372839"
17:27:07.825,1769592427.8257036,-0.143407,12.372839,"-0.143407, 12.372839"
17:27:07.846,1769592427.8464546,-0.991209,12.187325,"-0.991209, 12.187325"
17:27:07.851,1769592427.8519733,-0.991209,12.187325,"-0.991209, 12.187325"
17:27:07.875,1769592427.8757896,-0.782446,12.686719,"-0.782446, 12.686719"
17:27:07.878,1769592427.8782978,-0.782446,12.686719,"-0.782446, 12.686719"
17:27:07.881,1769592427.8811028,-0.782446,12.686719,"-0.782446, 12.686719"
17:27:07.895,1769592427.8958127,0.173919,12.643982,"0.173919, 12.643982"
17:27:07.927,1769592427.9272344,0.173919,12.643982,"0.173919, 12.643982"
17:27:07.929,1769592427.9292674,0.173919,12.643982,"0.173919, 12.643982"
17:27:07.938,1769592427.9383125,0.519899,12.416949,"0.519899, 12.416949"
17:27:07.946,1769592427.9465063,0.519899,12.416949,"0.519899, 12.416949"
17:27:07.956,1769592427.9565637,0.255364,12.203829,"0.255364, 12.203829"
17:27:07.975,1769592427.9750464,0.255364,12.203829,"0.255364, 12.203829"
17:27:07.978,1769592427.9785666,0.255364,12.203829,"0.255364, 12.203829"
17:27:07.994,1769592427.9943962,-0.330365,12.706629,"-0.330365, 12.706629"
17:27:08.009,1769592428.0092638,-0.330365,12.706629,"-0.330365, 12.706629"
17:27:08.027,1769592428.0286417,-0.330365,12.706629,"-0.330365, 12.706629"
17:27:08.032,1769592428.0328999,0.500032,12.387542,"0.500032, 12.387542"
17:27:08.055,1769592428.055706,0.500032,12.387542,"0.500032, 12.387542"
17:27:08.060,1769592428.0608916,0.859688,12.112581,"0.859688, 12.112581"
17:27:08.068,1769592428.0681016,0.859688,12.112581,"0.859688, 12.112581"
17:27:08.082,1769592428.082369,0.859688,12.112581,"0.859688, 12.112581"
17:27:08.085,1769592428.085686,0.515722,11.906956,"0.515722, 11.906956"
17:27:08.100,1769592428.100733,0.515722,11.906956,"0.515722, 11.906956"
17:27:08.129,1769592428.1295412,0.515722,11.906956,"0.515722, 11.906956"
17:27:08.132,1769592428.1323934,-0.234658,12.05106,"-0.234658, 12.051060"
17:27:08.138,1769592428.13801,-0.234658,12.05106,"-0.234658, 12.051060"
17:27:08.159,1769592428.15944,-0.087669,12.296392,"-0.087669, 12.296392"
17:27:08.161,1769592428.1610048,-0.087669,12.296392,"-0.087669, 12.296392"
17:27:08.179,1769592428.1796157,-0.087669,12.296392,"-0.087669, 12.296392"
17:27:08.187,1769592428.1871722,0.354693,12.781464,"0.354693, 12.781464"
17:27:08.200,1769592428.2003438,0.354693,12.781464,"0.354693, 12.781464"
17:27:08.204,1769592428.2044022,0.354693,12.781464,"0.354693, 12.781464"
17:27:08.222,1769592428.2220492,0.163759,13.079672,"0.163759, 13.079672"
17:27:08.238,1769592428.2381575,0.163759,13.079672,"0.163759, 13.079672"
17:27:08.241,1769592428.2415545,-0.096275,12.521692,"-0.096275, 12.521692"
17:27:08.265,1769592428.265245,-0.096275,12.521692,"-0.096275, 12.521692"
17:27:08.269,1769592428.2698684,-0.096275,12.521692,"-0.096275, 12.521692"
17:27:08.284,1769592428.2848842,-0.311922,11.870924,"-0.311922, 11.870924"
17:27:08.299,1769592428.299844,-0.311922,11.870924,"-0.311922, 11.870924"
17:27:08.303,1769592428.3034735,-0.311922,11.870924,"-0.311922, 11.870924"
17:27:08.307,1769592428.3070364,-0.311922,11.870924,"-0.311922, 11.870924"
17:27:08.335,1769592428.3361094,-0.311922,11.870924,"-0.311922, 11.870924"
17:27:08.339,1769592428.3392532,0.23593,11.954557,"0.235930, 11.954557"
17:27:08.353,1769592428.3533425,0.23593,11.954557,"0.235930, 11.954557"
17:27:08.367,1769592428.3678048,0.23593,11.954557,"0.235930, 11.954557"
17:27:08.381,1769592428.3814003,-0.178986,12.114553,"-0.178986, 12.114553"
17:27:08.382,1769592428.38241,-0.178986,12.114553,"-0.178986, 12.114553"
17:27:08.398,1769592428.3980663,-0.178986,12.114553,"-0.178986, 12.114553"
17:27:08.415,1769592428.415363,0.013253,12.388735,"0.013253, 12.388735"
17:27:08.416,1769592428.4163747,0.013253,12.388735,"0.013253, 12.388735"
17:27:08.438,1769592428.4381335,-0.301046,12.190937,"-0.301046, 12.190937"
17:27:08.449,1769592428.4495091,-0.301046,12.190937,"-0.301046, 12.190937"
17:27:08.451,1769592428.4516056,-0.301046,12.190937,"-0.301046, 12.190937"
17:27:08.478,1769592428.478463,-0.4055,12.306293,"-0.405500, 12.306293"
17:27:08.488,1769592428.4883156,-0.4055,12.306293,"-0.405500, 12.306293"
17:27:08.494,1769592428.4943957,-0.4055,12.306293,"-0.405500, 12.306293"
17:27:08.509,1769592428.5096223,-0.235136,12.250514,"-0.235136, 12.250514"
17:27:08.525,1769592428.5250158,-0.235136,12.250514,"-0.235136, 12.250514"
17:27:08.534,1769592428.5346456,-0.235136,12.250514,"-0.235136, 12.250514"
17:27:08.546,1769592428.5463593,-0.235136,12.250514,"-0.235136, 12.250514"
17:27:08.558,1769592428.558565,-0.235136,12.250514,"-0.235136, 12.250514"
17:27:08.576,1769592428.5773153,-0.103233,12.190161,"-0.103233, 12.190161"
17:27:08.583,1769592428.5835671,-0.103233,12.190161,"-0.103233, 12.190161"
17:27:08.594,1769592428.5942414,-0.103233,12.190161,"-0.103233, 12.190161"
17:27:08.609,1769592428.6095667,-0.22834,12.184484,"-0.228340, 12.184484"
17:27:08.624,1769592428.624831,-0.22834,12.184484,"-0.228340, 12.184484"
17:27:08.626,1769592428.6273372,-0.321657,12.253881,"-0.321657, 12.253881"
17:27:08.646,1769592428.6467545,-0.321657,12.253881,"-0.321657, 12.253881"
17:27:08.650,1769592428.6508493,-0.321657,12.253881,"-0.321657, 12.253881"
17:27:08.671,1769592428.6710186,-0.130202,12.18203,"-0.130202, 12.182030"
17:27:08.684,1769592428.6842625,-0.130202,12.18203,"-0.130202, 12.182030"
17:27:08.688,1769592428.6882792,-0.130202,12.18203,"-0.130202, 12.182030"
17:27:08.702,1769592428.7027314,0.250115,11.985682,"0.250115, 11.985682"
17:27:08.721,1769592428.7210767,0.250115,11.985682,"0.250115, 11.985682"
17:27:08.724,1769592428.7240908,0.40276,12.12726,"0.402760, 12.127260"
17:27:08.744,1769592428.7441695,0.40276,12.12726,"0.402760, 12.127260"
17:27:08.755,1769592428.7554924,0.40276,12.12726,"0.402760, 12.127260"
17:27:08.759,1769592428.7595072,0.058113,12.555777,"0.058113, 12.555777"
17:27:08.773,1769592428.7731671,0.058113,12.555777,"0.058113, 12.555777"
17:27:08.790,1769592428.790002,0.058113,12.555777,"0.058113, 12.555777"
17:27:08.794,1769592428.7945495,-0.427671,12.434208,"-0.427671, 12.434208"
17:27:08.813,1769592428.813305,-0.427671,12.434208,"-0.427671, 12.434208"
17:27:08.821,1769592428.8210428,-0.367594,11.805527,"-0.367594, 11.805527"
17:27:08.834,1769592428.8345923,-0.367594,11.805527,"-0.367594, 11.805527"
17:27:08.846,1769592428.8468122,-0.367594,11.805527,"-0.367594, 11.805527"
17:27:08.859,1769592428.8595088,-0.099329,11.646452,"-0.099329, 11.646452"
17:27:08.869,1769592428.8694594,-0.099329,11.646452,"-0.099329, 11.646452"
17:27:08.881,1769592428.8811553,-0.099329,11.646452,"-0.099329, 11.646452"
17:27:08.902,1769592428.9027572,0.012935,11.859169,"0.012935, 11.859169"
17:27:08.905,1769592428.9059992,0.012935,11.859169,"0.012935, 11.859169"
17:27:08.918,1769592428.9183722,-0.182021,12.246094,"-0.182021, 12.246094"
17:27:08.933,1769592428.9333587,-0.182021,12.246094,"-0.182021, 12.246094"
17:27:08.955,1769592428.9554007,-0.182021,12.246094,"-0.182021, 12.246094"
17:27:08.959,1769592428.9594083,-0.301363,11.806696,"-0.301363, 11.806696"
17:27:08.963,1769592428.9631116,-0.301363,11.806696,"-0.301363, 11.806696"
17:27:08.976,1769592428.9768713,-0.301363,11.806696,"-0.301363, 11.806696"
17:27:08.981,1769592428.981262,-0.054592,11.319521,"-0.054592, 11.319521"
17:27:09.009,1769592429.0093207,-0.054592,11.319521,"-0.054592, 11.319521"
17:27:09.011,1769592429.0119658,-0.336924,11.200775,"-0.336924, 11.200775"
17:27:09.017,1769592429.0176148,-0.336924,11.200775,"-0.336924, 11.200775"
17:27:09.050,1769592429.0507379,-0.336924,11.200775,"-0.336924, 11.200775"
17:27:09.053,1769592429.0537515,-0.370034,11.646597,"-0.370034, 11.646597"
17:27:09.067,1769592429.067608,-0.370034,11.646597,"-0.370034, 11.646597"
17:27:09.080,1769592429.0800314,-0.370034,11.646597,"-0.370034, 11.646597"
17:27:09.085,1769592429.0858963,-0.108255,12.285198,"-0.108255, 12.285198"
17:27:09.094,1769592429.094433,-0.108255,12.285198,"-0.108255, 12.285198"
17:27:09.108,1769592429.1082492,0.149992,12.571726,"0.149992, 12.571726"
17:27:09.127,1769592429.1270597,0.149992,12.571726,"0.149992, 12.571726"
17:27:09.138,1769592429.1386263,0.149992,12.571726,"0.149992, 12.571726"
17:27:09.155,1769592429.1553643,0.14849,12.443185,"0.148490, 12.443185"
17:27:09.158,1769592429.158385,0.14849,12.443185,"0.148490, 12.443185"
17:27:09.164,1769592429.1640599,0.14849,12.443185,"0.148490, 12.443185"
17:27:09.183,1769592429.183866,-1.632737,12.551471,"-1.632737, 12.551471"
17:27:09.197,1769592429.1970916,-1.632737,12.551471,"-1.632737, 12.551471"
17:27:09.200,1769592429.2007942,-1.482622,12.13501,"-1.482622, 12.135010"
17:27:09.218,1769592429.2183805,-1.482622,12.13501,"-1.482622, 12.135010"
17:27:09.234,1769592429.2344117,-1.482622,12.13501,"-1.482622, 12.135010"
17:27:09.244,1769592429.244431,-0.388404,12.266698,"-0.388404, 12.266698"
17:27:09.254,1769592429.254816,-0.388404,12.266698,"-0.388404, 12.266698"
17:27:09.271,1769592429.271873,-0.388404,12.266698,"-0.388404, 12.266698"
17:27:09.275,1769592429.2757423,-0.860398,12.327317,"-0.860398, 12.327317"
17:27:09.293,1769592429.2930727,-0.860398,12.327317,"-0.860398, 12.327317"
17:27:09.306,1769592429.306895,-0.638213,11.648579,"-0.638213, 11.648579"
17:27:09.313,1769592429.3132236,-0.638213,11.648579,"-0.638213, 11.648579"
17:27:09.326,1769592429.326603,-0.638213,11.648579,"-0.638213, 11.648579"
17:27:09.338,1769592429.3380992,0.475745,11.224635,"0.475745, 11.224635"
17:27:09.358,1769592429.3581684,0.475745,11.224635,"0.475745, 11.224635"
17:27:09.360,1769592429.3603153,0.475745,11.224635,"0.475745, 11.224635"
17:27:09.372,1769592429.372998,0.780822,11.237139,"0.780822, 11.237139"
17:27:09.387,1769592429.3878996,0.780822,11.237139,"0.780822, 11.237139"
17:27:09.410,1769592429.410656,0.768027,11.413033,"0.768027, 11.413033"
17:27:09.413,1769592429.4132514,0.768027,11.413033,"0.768027, 11.413033"
17:27:09.421,1769592429.4214458,0.768027,11.413033,"0.768027, 11.413033"
17:27:09.433,1769592429.4333327,-0.080336,12.15777,"-0.080336, 12.157770"
17:27:09.445,1769592429.445463,-0.080336,12.15777,"-0.080336, 12.157770"
17:27:09.470,1769592429.4705458,-0.080336,12.15777,"-0.080336, 12.157770"
17:27:09.473,1769592429.4730585,-0.114278,11.726648,"-0.114278, 11.726648"
17:27:09.477,1769592429.4770846,-0.114278,11.726648,"-0.114278, 11.726648"
17:27:09.505,1769592429.5058243,0.103504,11.694405,"0.103504, 11.694405"
17:27:09.508,1769592429.508334,0.103504,11.694405,"0.103504, 11.694405"
17:27:09.512,1769592429.512001,0.103504,11.694405,"0.103504, 11.694405"
17:27:09.533,1769592429.5330296,0.598607,12.125728,"0.598607, 12.125728"
17:27:09.539,1769592429.539579,0.598607,12.125728,"0.598607, 12.125728"
17:27:09.550,1769592429.550797,0.598607,12.125728,"0.598607, 12.125728"
17:27:09.567,1769592429.5676355,0.376028,12.344362,"0.376028, 12.344362"
17:27:09.584,1769592429.5846117,0.376028,12.344362,"0.376028, 12.344362"
17:27:09.586,1769592429.5866196,0.376028,12.344362,"0.376028, 12.344362"
17:27:09.601,1769592429.601072,0.376028,12.344362,"0.376028, 12.344362"
17:27:09.614,1769592429.6140916,0.376028,12.344362,"0.376028, 12.344362"
17:27:09.625,1769592429.626135,0.042677,12.074481,"0.042677, 12.074481"
17:27:09.636,1769592429.6367805,0.042677,12.074481,"0.042677, 12.074481"
17:27:09.655,1769592429.6558282,0.042677,12.074481,"0.042677, 12.074481"
17:27:09.672,1769592429.6720405,-0.305905,11.948636,"-0.305905, 11.948636"
17:27:09.677,1769592429.6771934,-0.305905,11.948636,"-0.305905, 11.948636"
17:27:09.688,1769592429.688278,0.546249,12.029354,"0.546249, 12.029354"
17:27:09.707,1769592429.7071,0.546249,12.029354,"0.546249, 12.029354"
17:27:09.709,1769592429.7096431,0.546249,12.029354,"0.546249, 12.029354"
17:27:09.722,1769592429.7228756,-0.387552,12.185472,"-0.387552, 12.185472"
17:27:09.738,1769592429.7383971,-0.387552,12.185472,"-0.387552, 12.185472"
17:27:09.746,1769592429.7464786,-0.387552,12.185472,"-0.387552, 12.185472"
17:27:09.762,1769592429.7620175,-0.510419,11.967055,"-0.510419, 11.967055"
17:27:09.767,1769592429.7676306,-0.510419,11.967055,"-0.510419, 11.967055"
17:27:09.786,1769592429.786895,-0.891858,11.383656,"-0.891858, 11.383656"
17:27:09.796,1769592429.7966666,-0.891858,11.383656,"-0.891858, 11.383656"
17:27:09.805,1769592429.8051064,-0.891858,11.383656,"-0.891858, 11.383656"
17:27:09.827,1769592429.827229,-0.282116,11.00218,"-0.282116, 11.002180"
17:27:09.829,1769592429.8297436,-0.282116,11.00218,"-0.282116, 11.002180"
17:27:09.853,1769592429.8535519,-0.282116,11.00218,"-0.282116, 11.002180"
17:27:09.857,1769592429.8570654,-0.557142,11.353898,"-0.557142, 11.353898"
17:27:09.873,1769592429.873469,-0.557142,11.353898,"-0.557142, 11.353898"
17:27:09.876,1769592429.8773074,-0.449675,12.353999,"-0.449675, 12.353999"
17:27:09.894,1769592429.8940783,-0.449675,12.353999,"-0.449675, 12.353999"
17:27:09.911,1769592429.9118843,-0.449675,12.353999,"-0.449675, 12.353999"
17:27:09.914,1769592429.9144654,1.058356,12.73155,"1.058356, 12.731550"
17:27:09.935,1769592429.9355943,1.058356,12.73155,"1.058356, 12.731550"
17:27:09.937,1769592429.9379797,1.058356,12.73155,"1.058356, 12.731550"
17:27:09.950,1769592429.9502685,0.507313,12.367141,"0.507313, 12.367141"
17:27:09.973,1769592429.9731183,0.507313,12.367141,"0.507313, 12.367141"
17:27:09.975,1769592429.975772,-0.27596,11.04748,"-0.275960, 11.047480"
17:27:09.978,1769592429.9782865,-0.27596,11.04748,"-0.275960, 11.047480"
17:27:10.002,1769592430.0020278,-0.27596,11.04748,"-0.275960, 11.047480"
17:27:10.013,1769592430.0132315,-0.000756,9.916367,"-0.000756, 9.916367"
17:27:10.014,1769592430.0142405,-0.000756,9.916367,"-0.000756, 9.916367"
17:27:10.038,1769592430.0384715,-0.000756,9.916367,"-0.000756, 9.916367"
17:27:10.043,1769592430.0434968,-0.151595,9.05124,"-0.151595, 9.051240"
17:27:10.056,1769592430.056787,-0.151595,9.05124,"-0.151595, 9.051240"
17:27:10.081,1769592430.0813022,-0.092093,9.286009,"-0.092093, 9.286009"
17:27:10.082,1769592430.0826328,-0.092093,9.286009,"-0.092093, 9.286009"
17:27:10.094,1769592430.0941296,-0.092093,9.286009,"-0.092093, 9.286009"
17:27:10.112,1769592430.11292,0.172929,10.76356,"0.172929, 10.763560"
17:27:10.115,1769592430.1154826,0.172929,10.76356,"0.172929, 10.763560"
17:27:10.129,1769592430.129451,0.172929,10.76356,"0.172929, 10.763560"
17:27:10.145,1769592430.1450806,0.213172,11.817381,"0.213172, 11.817381"
17:27:10.157,1769592430.1571822,0.213172,11.817381,"0.213172, 11.817381"
17:27:10.159,1769592430.1609967,0.229743,12.157743,"0.229743, 12.157743"
17:27:10.182,1769592430.182372,0.229743,12.157743,"0.229743, 12.157743"
17:27:10.187,1769592430.1870348,0.229743,12.157743,"0.229743, 12.157743"
17:27:10.206,1769592430.206013,-0.068492,11.83455,"-0.068492, 11.834550"
17:27:10.219,1769592430.2196991,-0.068492,11.83455,"-0.068492, 11.834550"
17:27:10.235,1769592430.2357192,-0.068492,11.83455,"-0.068492, 11.834550"
17:27:10.238,1769592430.2383466,-0.268267,11.106941,"-0.268267, 11.106941"
17:27:10.256,1769592430.2564895,-0.268267,11.106941,"-0.268267, 11.106941"
17:27:10.259,1769592430.259495,-0.206353,10.371676,"-0.206353, 10.371676"
17:27:10.263,1769592430.2631917,-0.206353,10.371676,"-0.206353, 10.371676"
17:27:10.283,1769592430.2837353,-0.206353,10.371676,"-0.206353, 10.371676"
17:27:10.317,1769592430.3177922,0.05687,10.487259,"0.056870, 10.487259"
17:27:10.320,1769592430.3203006,0.05687,10.487259,"0.056870, 10.487259"
17:27:10.324,1769592430.324727,0.05687,10.487259,"0.056870, 10.487259"
17:27:10.336,1769592430.3367906,0.486912,11.106066,"0.486912, 11.106066"
17:27:10.340,1769592430.3408325,0.486912,11.106066,"0.486912, 11.106066"
17:27:10.362,1769592430.363,-0.414599,11.6286,"-0.414599, 11.628600"
17:27:10.367,1769592430.3670974,-0.414599,11.6286,"-0.414599, 11.628600"
17:27:10.383,1769592430.383053,-0.414599,11.6286,"-0.414599, 11.628600"
17:27:10.404,1769592430.4049733,-0.695077,11.522638,"-0.695077, 11.522638"
17:27:10.409,1769592430.409577,-0.695077,11.522638,"-0.695077, 11.522638"
17:27:10.417,1769592430.4175167,-0.695077,11.522638,"-0.695077, 11.522638"
17:27:10.438,1769592430.4383483,-0.087038,11.046369,"-0.087038, 11.046369"
17:27:10.440,1769592430.4403539,-0.087038,11.046369,"-0.087038, 11.046369"
17:27:10.442,1769592430.4428642,0.413706,10.737407,"0.413706, 10.737407"
17:27:10.467,1769592430.4678915,0.413706,10.737407,"0.413706, 10.737407"
17:27:10.485,1769592430.4856853,0.413706,10.737407,"0.413706, 10.737407"
17:27:10.488,1769592430.4881968,0.000164,10.670649,"0.000164, 10.670649"
17:27:10.505,1769592430.5059345,0.000164,10.670649,"0.000164, 10.670649"
17:27:10.513,1769592430.5135736,0.000164,10.670649,"0.000164, 10.670649"
17:27:10.515,1769592430.5152063,-0.281409,10.637359,"-0.281409, 10.637359"
17:27:10.540,1769592430.5400026,-0.281409,10.637359,"-0.281409, 10.637359"
17:27:10.554,1769592430.554662,-0.515639,10.658348,"-0.515639, 10.658348"
17:27:10.556,1769592430.5566669,-0.515639,10.658348,"-0.515639, 10.658348"
17:27:10.588,1769592430.5882342,-0.515639,10.658348,"-0.515639, 10.658348"
17:27:10.589,1769592430.5910113,-0.381577,10.637612,"-0.381577, 10.637612"
17:27:10.595,1769592430.5950353,-0.381577,10.637612,"-0.381577, 10.637612"
17:27:10.617,1769592430.6171958,-0.381577,10.637612,"-0.381577, 10.637612"
17:27:10.619,1769592430.6195095,0.031026,11.130437,"0.031026, 11.130437"
17:27:10.640,1769592430.6401956,0.031026,11.130437,"0.031026, 11.130437"
17:27:10.642,1769592430.642705,0.167505,11.417061,"0.167505, 11.417061"
17:27:10.659,1769592430.6594048,0.167505,11.417061,"0.167505, 11.417061"
17:27:10.673,1769592430.6738758,0.167505,11.417061,"0.167505, 11.417061"
17:27:10.691,1769592430.691684,-0.076432,11.446118,"-0.076432, 11.446118"
17:27:10.694,1769592430.6942825,-0.076432,11.446118,"-0.076432, 11.446118"
17:27:10.707,1769592430.7071204,-0.076432,11.446118,"-0.076432, 11.446118"
17:27:10.723,1769592430.723476,-0.308889,11.214162,"-0.308889, 11.214162"
17:27:10.734,1769592430.7345266,-0.308889,11.214162,"-0.308889, 11.214162"
17:27:10.740,1769592430.7401385,-0.145841,10.765072,"-0.145841, 10.765072"
17:27:10.755,1769592430.7556422,-0.145841,10.765072,"-0.145841, 10.765072"
17:27:10.767,1769592430.7671614,-0.145841,10.765072,"-0.145841, 10.765072"
17:27:10.786,1769592430.786849,0.149997,10.52919,"0.149997, 10.529190"
17:27:10.788,1769592430.788983,0.149997,10.52919,"0.149997, 10.529190"
17:27:10.806,1769592430.806908,0.149997,10.52919,"0.149997, 10.529190"
17:27:10.815,1769592430.8152835,0.092334,10.59952,"0.092334, 10.599520"
17:27:10.829,1769592430.8290424,0.092334,10.59952,"0.092334, 10.599520"
17:27:10.838,1769592430.8383598,-0.259757,10.727051,"-0.259757, 10.727051"
17:27:10.853,1769592430.8534162,-0.259757,10.727051,"-0.259757, 10.727051"
17:27:10.864,1769592430.8648202,-0.259757,10.727051,"-0.259757, 10.727051"
17:27:10.873,1769592430.8730001,-0.718478,11.287566,"-0.718478, 11.287566"
17:27:10.895,1769592430.895514,-0.718478,11.287566,"-0.718478, 11.287566"
17:27:10.898,1769592430.8981798,-0.718478,11.287566,"-0.718478, 11.287566"
17:27:10.909,1769592430.9093876,0.217914,11.573608,"0.217914, 11.573608"
17:27:10.917,1769592430.9179785,0.217914,11.573608,"0.217914, 11.573608"
17:27:10.936,1769592430.9360132,0.263662,11.55275,"0.263662, 11.552750"
17:27:10.940,1769592430.9401193,0.263662,11.55275,"0.263662, 11.552750"
17:27:10.961,1769592430.9619546,0.263662,11.55275,"0.263662, 11.552750"
17:27:10.973,1769592430.9732852,-0.261687,10.947527,"-0.261687, 10.947527"
17:27:10.987,1769592430.9879801,-0.261687,10.947527,"-0.261687, 10.947527"
17:27:10.991,1769592430.9919434,-0.261687,10.947527,"-0.261687, 10.947527"
17:27:11.009,1769592431.009367,-0.284664,10.00543,"-0.284664, 10.005430"
17:27:11.012,1769592431.0129035,-0.284664,10.00543,"-0.284664, 10.005430"
17:27:11.037,1769592431.0370963,-0.312788,9.654205,"-0.312788, 9.654205"
17:27:11.040,1769592431.0401254,-0.312788,9.654205,"-0.312788, 9.654205"
17:27:11.053,1769592431.0534856,-0.312788,9.654205,"-0.312788, 9.654205"
17:27:11.071,1769592431.0718887,-0.207742,10.252451,"-0.207742, 10.252451"
17:27:11.075,1769592431.075547,-0.207742,10.252451,"-0.207742, 10.252451"
17:27:11.096,1769592431.0960128,-0.207742,10.252451,"-0.207742, 10.252451"
17:27:11.098,1769592431.0986097,0.019905,11.018682,"0.019905, 11.018682"
17:27:11.113,1769592431.1139963,0.019905,11.018682,"0.019905, 11.018682"
17:27:11.129,1769592431.1296315,0.206957,11.316997,"0.206957, 11.316997"
17:27:11.142,1769592431.1427226,0.206957,11.316997,"0.206957, 11.316997"
17:27:11.154,1769592431.154742,0.206957,11.316997,"0.206957, 11.316997"
17:27:11.155,1769592431.1557467,0.309114,11.208683,"0.309114, 11.208683"
17:27:11.181,1769592431.1819582,0.309114,11.208683,"0.309114, 11.208683"
17:27:11.184,1769592431.184543,0.309114,11.208683,"0.309114, 11.208683"
17:27:11.204,1769592431.204345,0.20825,10.810532,"0.208250, 10.810532"
17:27:11.207,1769592431.2079172,0.20825,10.810532,"0.208250, 10.810532"
17:27:11.224,1769592431.2247562,0.070271,10.40559,"0.070271, 10.405590"
17:27:11.229,1769592431.2295053,0.070271,10.40559,"0.070271, 10.405590"
17:27:11.251,1769592431.2512693,0.070271,10.40559,"0.070271, 10.405590"
17:27:11.259,1769592431.2596846,-0.144702,10.08676,"-0.144702, 10.086760"
17:27:11.270,1769592431.2710357,-0.144702,10.08676,"-0.144702, 10.086760"
17:27:11.290,1769592431.2906406,-0.144702,10.08676,"-0.144702, 10.086760"
17:27:11.293,1769592431.2931962,0.566316,10.894911,"0.566316, 10.894911"
17:27:11.306,1769592431.3060043,0.566316,10.894911,"0.566316, 10.894911"
17:27:11.317,1769592431.3172054,-0.078788,11.197132,"-0.078788, 11.197132"
17:27:11.332,1769592431.3329034,-0.078788,11.197132,"-0.078788, 11.197132"
17:27:11.336,1769592431.3364232,-0.078788,11.197132,"-0.078788, 11.197132"
17:27:11.354,1769592431.3543575,-0.067248,11.028601,"-0.067248, 11.028601"
17:27:11.370,1769592431.370054,-0.067248,11.028601,"-0.067248, 11.028601"
17:27:11.374,1769592431.374622,-0.067248,11.028601,"-0.067248, 11.028601"
17:27:11.397,1769592431.398694,-0.206883,10.273594,"-0.206883, 10.273594"
17:27:11.414,1769592431.4142935,-0.206883,10.273594,"-0.206883, 10.273594"
17:27:11.420,1769592431.4201837,-0.482592,9.769687,"-0.482592, 9.769687"
17:27:11.424,1769592431.424314,-0.482592,9.769687,"-0.482592, 9.769687"
17:27:11.446,1769592431.4468296,-0.482592,9.769687,"-0.482592, 9.769687"
17:27:11.449,1769592431.4494057,-0.585991,9.791115,"-0.585991, 9.791115"
17:27:11.472,1769592431.4722366,-0.585991,9.791115,"-0.585991, 9.791115"
17:27:11.476,1769592431.4768083,-0.585991,9.791115,"-0.585991, 9.791115"
17:27:11.482,1769592431.4827135,-0.653299,10.53649,"-0.653299, 10.536490"
17:27:11.501,1769592431.501343,-0.653299,10.53649,"-0.653299, 10.536490"
17:27:11.508,1769592431.508429,-0.17503,10.951394,"-0.175030, 10.951394"
17:27:11.522,1769592431.5229633,-0.17503,10.951394,"-0.175030, 10.951394"
17:27:11.538,1769592431.5382135,-0.17503,10.951394,"-0.175030, 10.951394"
17:27:11.541,1769592431.5417244,0.431858,11.032052,"0.431858, 11.032052"
17:27:11.555,1769592431.5558197,0.431858,11.032052,"0.431858, 11.032052"
17:27:11.575,1769592431.575028,0.431858,11.032052,"0.431858, 11.032052"
17:27:11.588,1769592431.5884013,0.272816,10.818951,"0.272816, 10.818951"
17:27:11.590,1769592431.59091,0.272816,10.818951,"0.272816, 10.818951"
17:27:11.611,1769592431.6118352,-0.176896,10.51021,"-0.176896, 10.510210"
17:27:11.614,1769592431.616034,-0.176896,10.51021,"-0.176896, 10.510210"
17:27:11.627,1769592431.6273196,-0.176896,10.51021,"-0.176896, 10.510210"
17:27:11.645,1769592431.6453726,-0.475909,10.186072,"-0.475909, 10.186072"
17:27:11.651,1769592431.6516588,-0.475909,10.186072,"-0.475909, 10.186072"
17:27:11.655,1769592431.655119,-0.475909,10.186072,"-0.475909, 10.186072"
17:27:11.681,1769592431.6811516,-0.286644,9.942054,"-0.286644, 9.942054"
17:27:11.684,1769592431.68436,-0.286644,9.942054,"-0.286644, 9.942054"
17:27:11.698,1769592431.6987915,0.387216,9.976721,"0.387216, 9.976721"
17:27:11.717,1769592431.7174187,0.387216,9.976721,"0.387216, 9.976721"
17:27:11.727,1769592431.7285056,0.387216,9.976721,"0.387216, 9.976721"
17:27:11.732,1769592431.7322564,-0.314343,10.572544,"-0.314343, 10.572544"
17:27:11.753,1769592431.753359,-0.314343,10.572544,"-0.314343, 10.572544"
17:27:11.757,1769592431.7572513,-0.314343,10.572544,"-0.314343, 10.572544"
17:27:11.771,1769592431.771685,-0.347265,11.141594,"-0.347265, 11.141594"
17:27:11.792,1769592431.7920175,-0.347265,11.141594,"-0.347265, 11.141594"
17:27:11.797,1769592431.7977042,0.31658,10.978143,"0.316580, 10.978143"
17:27:11.809,1769592431.809607,0.31658,10.978143,"0.316580, 10.978143"
17:27:11.828,1769592431.8282425,0.31658,10.978143,"0.316580, 10.978143"
17:27:11.831,1769592431.8323653,-0.000134,10.779707,"-0.000134, 10.779707"
17:27:11.835,1769592431.8358753,-0.000134,10.779707,"-0.000134, 10.779707"
17:27:11.863,1769592431.863285,-0.000134,10.779707,"-0.000134, 10.779707"
17:27:11.867,1769592431.8673446,-0.239906,10.776745,"-0.239906, 10.776745"
17:27:11.872,1769592431.8729692,-0.239906,10.776745,"-0.239906, 10.776745"
17:27:11.900,1769592431.900579,-0.244088,10.811378,"-0.244088, 10.811378"
17:27:11.904,1769592431.9044352,-0.244088,10.811378,"-0.244088, 10.811378"
17:27:11.921,1769592431.9213314,-0.244088,10.811378,"-0.244088, 10.811378"
17:27:11.935,1769592431.9358664,0.259966,10.752554,"0.259966, 10.752554"
17:27:11.939,1769592431.9394405,0.259966,10.752554,"0.259966, 10.752554"
17:27:11.942,1769592431.9429526,0.259966,10.752554,"0.259966, 10.752554"
17:27:11.969,1769592431.9694593,0.388257,10.388317,"0.388257, 10.388317"
17:27:11.977,1769592431.977588,0.388257,10.388317,"0.388257, 10.388317"
17:27:11.982,1769592431.9822474,0.219589,10.32296,"0.219589, 10.322960"
17:27:12.000,1769592432.0007374,0.219589,10.32296,"0.219589, 10.322960"
17:27:12.021,1769592432.021952,0.219589,10.32296,"0.219589, 10.322960"
17:27:12.033,1769592432.0331335,-0.196002,10.469032,"-0.196002, 10.469032"
17:27:12.034,1769592432.0344932,-0.196002,10.469032,"-0.196002, 10.469032"
17:27:12.047,1769592432.0477326,-0.196002,10.469032,"-0.196002, 10.469032"
17:27:12.064,1769592432.064883,-0.1887,10.692385,"-0.188700, 10.692385"
17:27:12.078,1769592432.0783007,-0.1887,10.692385,"-0.188700, 10.692385"
17:27:12.082,1769592432.082996,0.086415,10.972391,"0.086415, 10.972391"
17:27:12.086,1769592432.0867922,0.086415,10.972391,"0.086415, 10.972391"
17:27:12.113,1769592432.1131623,0.086415,10.972391,"0.086415, 10.972391"
17:27:12.123,1769592432.123052,-0.259827,10.9108,"-0.259827, 10.910800"
17:27:12.137,1769592432.1378756,-0.259827,10.9108,"-0.259827, 10.910800"
17:27:12.165,1769592432.165873,-0.259827,10.9108,"-0.259827, 10.910800"
17:27:12.167,1769592432.1679685,-0.867323,10.895053,"-0.867323, 10.895053"
17:27:12.171,1769592432.171534,-0.867323,10.895053,"-0.867323, 10.895053"
17:27:12.185,1769592432.1855125,-0.181196,10.365432,"-0.181196, 10.365432"
17:27:12.189,1769592432.1895661,-0.181196,10.365432,"-0.181196, 10.365432"
17:27:12.210,1769592432.2100682,-0.181196,10.365432,"-0.181196, 10.365432"
17:27:12.222,1769592432.222968,0.049553,10.04273,"0.049553, 10.042730"
17:27:12.231,1769592432.2311928,0.049553,10.04273,"0.049553, 10.042730"
17:27:12.245,1769592432.245402,0.049553,10.04273,"0.049553, 10.042730"
17:27:12.257,1769592432.2572134,0.079296,10.493149,"0.079296, 10.493149"
17:27:12.265,1769592432.265553,0.079296,10.493149,"0.079296, 10.493149"
17:27:12.281,1769592432.281911,-0.171174,10.821018,"-0.171174, 10.821018"
17:27:12.291,1769592432.29158,-0.171174,10.821018,"-0.171174, 10.821018"
17:27:12.305,1769592432.305827,-0.171174,10.821018,"-0.171174, 10.821018"
17:27:12.316,1769592432.3164096,-0.22857,10.903721,"-0.228570, 10.903721"
17:27:12.331,1769592432.3311756,-0.22857,10.903721,"-0.228570, 10.903721"
17:27:12.336,1769592432.3367941,-0.22857,10.903721,"-0.228570, 10.903721"
17:27:12.351,1769592432.3518028,0.072768,10.872965,"0.072768, 10.872965"
17:27:12.380,1769592432.38041,0.072768,10.872965,"0.072768, 10.872965"
17:27:12.381,1769592432.3814125,0.038976,10.716296,"0.038976, 10.716296"
17:27:12.389,1769592432.3892338,0.038976,10.716296,"0.038976, 10.716296"
17:27:12.403,1769592432.403387,0.038976,10.716296,"0.038976, 10.716296"
17:27:12.407,1769592432.4079964,-0.095969,10.545517,"-0.095969, 10.545517"
17:27:12.420,1769592432.420087,-0.095969,10.545517,"-0.095969, 10.545517"
17:27:12.436,1769592432.43653,-0.095969,10.545517,"-0.095969, 10.545517"
17:27:12.440,1769592432.4405568,-0.264746,10.574991,"-0.264746, 10.574991"
17:27:12.465,1769592432.4657886,-0.264746,10.574991,"-0.264746, 10.574991"
17:27:12.467,1769592432.4678953,-0.232914,10.564022,"-0.232914, 10.564022"
17:27:12.486,1769592432.4869802,-0.232914,10.564022,"-0.232914, 10.564022"
17:27:12.492,1769592432.4920292,-0.232914,10.564022,"-0.232914, 10.564022"
17:27:12.509,1769592432.509548,-0.056145,10.598527,"-0.056145, 10.598527"
17:27:12.513,1769592432.5132587,-0.056145,10.598527,"-0.056145, 10.598527"
17:27:12.528,1769592432.5283432,-0.056145,10.598527,"-0.056145, 10.598527"
17:27:12.544,1769592432.5442832,-0.100496,10.74462,"-0.100496, 10.744620"
17:27:12.547,1769592432.5478246,-0.100496,10.74462,"-0.100496, 10.744620"
17:27:12.598,1769592432.5988643,-0.362253,10.688526,"-0.362253, 10.688526"
17:27:12.604,1769592432.6042783,-0.362253,10.688526,"-0.362253, 10.688526"
17:27:12.606,1769592432.606848,-0.362253,10.688526,"-0.362253, 10.688526"
17:27:12.613,1769592432.6130235,-0.33982,10.567662,"-0.339820, 10.567662"
17:27:12.617,1769592432.6175046,-0.33982,10.567662,"-0.339820, 10.567662"
17:27:12.623,1769592432.6231163,-0.33982,10.567662,"-0.339820, 10.567662"
17:27:12.640,1769592432.6400151,-0.175224,10.623027,"-0.175224, 10.623027"
17:27:12.653,1769592432.6532774,-0.175224,10.623027,"-0.175224, 10.623027"
17:27:12.664,1769592432.664774,0.061017,10.582088,"0.061017, 10.582088"
17:27:12.676,1769592432.6768649,0.061017,10.582088,"0.061017, 10.582088"
17:27:12.681,1769592432.681552,0.061017,10.582088,"0.061017, 10.582088"
17:27:12.694,1769592432.6941829,0.034788,10.678848,"0.034788, 10.678848"
17:27:12.713,1769592432.7133498,0.034788,10.678848,"0.034788, 10.678848"
17:27:12.722,1769592432.722172,0.034788,10.678848,"0.034788, 10.678848"
17:27:12.725,1769592432.725252,-0.071773,10.756501,"-0.071773, 10.756501"
17:27:12.748,1769592432.7480311,-0.071773,10.756501,"-0.071773, 10.756501"
17:27:12.761,1769592432.761906,-0.184222,10.583731,"-0.184222, 10.583731"
17:27:12.764,1769592432.7644286,-0.184222,10.583731,"-0.184222, 10.583731"
17:27:12.792,1769592432.7935271,-0.184222,10.583731,"-0.184222, 10.583731"
17:27:12.805,1769592432.8059523,-0.38027,10.695979,"-0.380270, 10.695979"
17:27:12.809,1769592432.8098476,-0.38027,10.695979,"-0.380270, 10.695979"
17:27:12.819,1769592432.8194752,-0.38027,10.695979,"-0.380270, 10.695979"
17:27:12.833,1769592432.833871,0.042629,11.098894,"0.042629, 11.098894"
17:27:12.835,1769592432.83588,0.042629,11.098894,"0.042629, 11.098894"
17:27:12.857,1769592432.8570855,-0.360435,10.818609,"-0.360435, 10.818609"
17:27:12.864,1769592432.8642428,-0.360435,10.818609,"-0.360435, 10.818609"
17:27:12.887,1769592432.8872402,-0.360435,10.818609,"-0.360435, 10.818609"
17:27:12.891,1769592432.8917553,-0.302421,10.291811,"-0.302421, 10.291811"
17:27:12.901,1769592432.901628,-0.302421,10.291811,"-0.302421, 10.291811"
17:27:12.920,1769592432.9200134,-0.302421,10.291811,"-0.302421, 10.291811"
17:27:12.923,1769592432.9230216,0.142225,9.805429,"0.142225, 9.805429"
17:27:12.945,1769592432.9453838,0.142225,9.805429,"0.142225, 9.805429"
17:27:12.950,1769592432.9504955,-0.058892,9.730162,"-0.058892, 9.730162"
17:27:12.971,1769592432.9719949,-0.058892,9.730162,"-0.058892, 9.730162"
17:27:12.974,1769592432.9745085,-0.058892,9.730162,"-0.058892, 9.730162"
17:27:12.991,1769592432.991807,-0.054698,10.470114,"-0.054698, 10.470114"
17:27:12.995,1769592432.9957051,-0.054698,10.470114,"-0.054698, 10.470114"
17:27:13.007,1769592433.0072758,-0.054698,10.470114,"-0.054698, 10.470114"
17:27:13.024,1769592433.024465,-0.205391,10.849453,"-0.205391, 10.849453"
17:27:13.035,1769592433.0357673,-0.205391,10.849453,"-0.205391, 10.849453"
17:27:13.050,1769592433.050642,-0.04047,11.128191,"-0.040470, 11.128191"
17:27:13.063,1769592433.0630162,-0.04047,11.128191,"-0.040470, 11.128191"
17:27:13.069,1769592433.0694752,-0.04047,11.128191,"-0.040470, 11.128191"
17:27:13.082,1769592433.0823102,-0.05997,10.951571,"-0.059970, 10.951571"
17:27:13.098,1769592433.0980942,-0.05997,10.951571,"-0.059970, 10.951571"
17:27:13.107,1769592433.107942,-0.05997,10.951571,"-0.059970, 10.951571"
17:27:13.114,1769592433.1145217,-0.221568,10.551639,"-0.221568, 10.551639"
17:27:13.133,1769592433.1332903,-0.221568,10.551639,"-0.221568, 10.551639"
17:27:13.145,1769592433.1456795,-0.277948,10.283176,"-0.277948, 10.283176"
17:27:13.149,1769592433.149211,-0.277948,10.283176,"-0.277948, 10.283176"
17:27:13.167,1769592433.167077,-0.277948,10.283176,"-0.277948, 10.283176"
17:27:13.178,1769592433.178457,-0.198815,10.145472,"-0.198815, 10.145472"
17:27:13.191,1769592433.1915128,-0.198815,10.145472,"-0.198815, 10.145472"
17:27:13.198,1769592433.1982603,-0.198815,10.145472,"-0.198815, 10.145472"
17:27:13.213,1769592433.213323,0.021095,10.456863,"0.021095, 10.456863"
17:27:13.224,1769592433.2245522,0.021095,10.456863,"0.021095, 10.456863"
17:27:13.250,1769592433.250672,0.178112,10.667244,"0.178112, 10.667244"
17:27:13.252,1769592433.2526793,0.178112,10.667244,"0.178112, 10.667244"
17:27:13.258,1769592433.259722,0.178112,10.667244,"0.178112, 10.667244"
17:27:13.270,1769592433.2707276,0.10382,10.77222,"0.103820, 10.772220"
17:27:13.295,1769592433.2951796,0.10382,10.77222,"0.103820, 10.772220"
17:27:13.297,1769592433.2977412,0.10382,10.77222,"0.103820, 10.772220"
17:27:13.313,1769592433.313253,-0.086103,10.557928,"-0.086103, 10.557928"
17:27:13.316,1769592433.3162823,-0.086103,10.557928,"-0.086103, 10.557928"
17:27:13.331,1769592433.3310118,-0.096361,10.146351,"-0.096361, 10.146351"
17:27:13.348,1769592433.348026,-0.096361,10.146351,"-0.096361, 10.146351"
17:27:13.369,1769592433.3694906,-0.096361,10.146351,"-0.096361, 10.146351"
17:27:13.376,1769592433.3768156,-0.112603,10.112499,"-0.112603, 10.112499"
17:27:13.381,1769592433.381408,-0.112603,10.112499,"-0.112603, 10.112499"
17:27:13.395,1769592433.395963,-0.112603,10.112499,"-0.112603, 10.112499"
17:27:13.399,1769592433.3994577,0.041946,10.466967,"0.041946, 10.466967"
17:27:13.420,1769592433.420063,0.041946,10.466967,"0.041946, 10.466967"
17:27:13.428,1769592433.4281409,0.070357,10.760378,"0.070357, 10.760378"
17:27:13.450,1769592433.4507358,0.070357,10.760378,"0.070357, 10.760378"
17:27:13.454,1769592433.4543414,0.070357,10.760378,"0.070357, 10.760378"
17:27:13.465,1769592433.4656477,-0.074299,10.814604,"-0.074299, 10.814604"
17:27:13.478,1769592433.4784532,-0.074299,10.814604,"-0.074299, 10.814604"
17:27:13.496,1769592433.4967556,-0.074299,10.814604,"-0.074299, 10.814604"
17:27:13.499,1769592433.499194,-0.020893,10.649982,"-0.020893, 10.649982"
17:27:13.503,1769592433.5032282,-0.020893,10.649982,"-0.020893, 10.649982"
17:27:13.527,1769592433.5271392,-0.020826,10.649807,"-0.020826, 10.649807"
17:27:13.542,1769592433.5420473,-0.020826,10.649807,"-0.020826, 10.649807"
17:27:13.546,1769592433.54661,-0.020826,10.649807,"-0.020826, 10.649807"
17:27:13.560,1769592433.5608518,0.078249,10.434427,"0.078249, 10.434427"
17:27:13.575,1769592433.5758965,0.078249,10.434427,"0.078249, 10.434427"
17:27:13.591,1769592433.5918133,0.078249,10.434427,"0.078249, 10.434427"
17:27:13.597,1769592433.5978673,0.158891,10.080015,"0.158891, 10.080015"
17:27:13.613,1769592433.6132412,0.158891,10.080015,"0.158891, 10.080015"
17:27:13.623,1769592433.6232018,-0.307198,10.499853,"-0.307198, 10.499853"
17:27:13.635,1769592433.6354246,-0.307198,10.499853,"-0.307198, 10.499853"
17:27:13.658,1769592433.658398,-0.307198,10.499853,"-0.307198, 10.499853"
17:27:13.660,1769592433.6609046,-0.029114,10.73303,"-0.029114, 10.733030"
17:27:13.668,1769592433.6681592,-0.029114,10.73303,"-0.029114, 10.733030"
17:27:13.685,1769592433.685444,-0.029114,10.73303,"-0.029114, 10.733030"
17:27:13.691,1769592433.6916623,0.224387,10.636066,"0.224387, 10.636066"
17:27:13.711,1769592433.712234,0.224387,10.636066,"0.224387, 10.636066"
17:27:13.714,1769592433.7148287,0.098965,10.43094,"0.098965, 10.430940"
17:27:13.733,1769592433.733911,0.098965,10.43094,"0.098965, 10.430940"
17:27:13.737,1769592433.737984,0.098965,10.43094,"0.098965, 10.430940"
17:27:13.762,1769592433.762002,-0.276311,10.586559,"-0.276311, 10.586559"
17:27:13.769,1769592433.7696443,-0.276311,10.586559,"-0.276311, 10.586559"
17:27:13.781,1769592433.7812502,-0.276311,10.586559,"-0.276311, 10.586559"
17:27:13.784,1769592433.7841163,-0.261293,10.596387,"-0.261293, 10.596387"
17:27:13.806,1769592433.8065479,-0.261293,10.596387,"-0.261293, 10.596387"
17:27:13.809,1769592433.8093376,0.081058,10.36713,"0.081058, 10.367130"
17:27:13.832,1769592433.8325527,0.081058,10.36713,"0.081058, 10.367130"
17:27:13.836,1769592433.8361793,0.081058,10.36713,"0.081058, 10.367130"
17:27:13.851,1769592433.8516388,0.173019,10.39912,"0.173019, 10.399120"
17:27:13.857,1769592433.8576841,0.173019,10.39912,"0.173019, 10.399120"
17:27:13.878,1769592433.8784344,0.173019,10.39912,"0.173019, 10.399120"
17:27:13.885,1769592433.8854535,-0.326405,10.603655,"-0.326405, 10.603655"
17:27:13.896,1769592433.8964124,-0.326405,10.603655,"-0.326405, 10.603655"
17:27:13.913,1769592433.9143736,-0.212474,10.58433,"-0.212474, 10.584330"
17:27:13.925,1769592433.9251533,-0.212474,10.58433,"-0.212474, 10.584330"
17:27:13.928,1769592433.9287136,-0.212474,10.58433,"-0.212474, 10.584330"
17:27:13.933,1769592433.9333797,0.032663,10.490534,"0.032663, 10.490534"
17:27:13.959,1769592433.959747,0.032663,10.490534,"0.032663, 10.490534"
17:27:13.974,1769592433.9745061,0.032663,10.490534,"0.032663, 10.490534"
17:27:13.981,1769592433.9810784,0.098032,10.519133,"0.098032, 10.519133"
17:27:13.995,1769592433.9952266,0.098032,10.519133,"0.098032, 10.519133"
17:27:14.007,1769592434.0071874,-0.150193,10.486936,"-0.150193, 10.486936"
17:27:14.021,1769592434.0214312,-0.150193,10.486936,"-0.150193, 10.486936"
17:27:14.029,1769592434.029593,-0.150193,10.486936,"-0.150193, 10.486936"
17:27:14.040,1769592434.0401232,-0.109552,10.400414,"-0.109552, 10.400414"
17:27:14.064,1769592434.0643516,-0.109552,10.400414,"-0.109552, 10.400414"
17:27:14.071,1769592434.071804,-0.109552,10.400414,"-0.109552, 10.400414"
17:27:14.073,1769592434.0738735,0.110907,10.362148,"0.110907, 10.362148"
17:27:14.091,1769592434.0913825,0.110907,10.362148,"0.110907, 10.362148"
17:27:14.108,1769592434.1082735,0.07979,10.392433,"0.079790, 10.392433"
17:27:14.109,1769592434.109781,0.07979,10.392433,"0.079790, 10.392433"
17:27:14.129,1769592434.1296706,0.07979,10.392433,"0.079790, 10.392433"
17:27:14.142,1769592434.142361,-0.033678,10.439226,"-0.033678, 10.439226"
17:27:14.145,1769592434.1452096,-0.033678,10.439226,"-0.033678, 10.439226"
17:27:14.164,1769592434.165952,-0.033678,10.439226,"-0.033678, 10.439226"
17:27:14.173,1769592434.173201,-0.062289,10.2805,"-0.062289, 10.280500"
17:27:14.186,1769592434.1863947,-0.062289,10.2805,"-0.062289, 10.280500"
17:27:14.195,1769592434.1954393,0.007061,10.234467,"0.007061, 10.234467"
17:27:14.211,1769592434.2119572,0.007061,10.234467,"0.007061, 10.234467"
17:27:14.218,1769592434.218033,0.007061,10.234467,"0.007061, 10.234467"
17:27:14.238,1769592434.2380655,0.097967,10.381807,"0.097967, 10.381807"
17:27:14.241,1769592434.2416525,0.097967,10.381807,"0.097967, 10.381807"
17:27:14.257,1769592434.2579732,0.097967,10.381807,"0.097967, 10.381807"
17:27:14.269,1769592434.2698894,-0.02338,10.60828,"-0.023380, 10.608280"
17:27:14.281,1769592434.2823598,-0.02338,10.60828,"-0.023380, 10.608280"
17:27:14.293,1769592434.293042,0.050466,10.519894,"0.050466, 10.519894"
17:27:14.311,1769592434.311744,0.050466,10.519894,"0.050466, 10.519894"
17:27:14.315,1769592434.3157609,0.050466,10.519894,"0.050466, 10.519894"
17:27:14.331,1769592434.331542,0.063814,10.555356,"0.063814, 10.555356"
17:27:14.346,1769592434.346636,0.063814,10.555356,"0.063814, 10.555356"
17:27:14.350,1769592434.3506703,0.063814,10.555356,"0.063814, 10.555356"
17:27:14.376,1769592434.376586,-0.13228,10.535701,"-0.132280, 10.535701"
17:27:14.386,1769592434.3866682,-0.13228,10.535701,"-0.132280, 10.535701"
17:27:14.389,1769592434.389179,-0.261743,10.458919,"-0.261743, 10.458919"
17:27:14.396,1769592434.3967595,-0.261743,10.458919,"-0.261743, 10.458919"
17:27:14.418,1769592434.4180703,-0.261743,10.458919,"-0.261743, 10.458919"
17:27:14.427,1769592434.4271896,-0.261743,10.458919,"-0.261743, 10.458919"
17:27:14.438,1769592434.4381151,-0.261743,10.458919,"-0.261743, 10.458919"
17:27:14.446,1769592434.4467196,-0.261743,10.458919,"-0.261743, 10.458919"
17:27:14.461,1769592434.461721,-0.345225,10.453888,"-0.345225, 10.453888"
17:27:14.467,1769592434.4677956,-0.345225,10.453888,"-0.345225, 10.453888"
17:27:14.487,1769592434.4879174,-0.348003,10.61821,"-0.348003, 10.618210"
17:27:14.498,1769592434.498961,-0.348003,10.61821,"-0.348003, 10.618210"
17:27:14.507,1769592434.5070028,-0.348003,10.61821,"-0.348003, 10.618210"
17:27:14.523,1769592434.5234017,-0.097975,10.570871,"-0.097975, 10.570871"
17:27:14.535,1769592434.5357144,-0.097975,10.570871,"-0.097975, 10.570871"
17:27:14.545,1769592434.5458665,-0.097975,10.570871,"-0.097975, 10.570871"
17:27:14.564,1769592434.5642807,0.061277,10.546371,"0.061277, 10.546371"
17:27:14.566,1769592434.5660188,0.061277,10.546371,"0.061277, 10.546371"
17:27:14.583,1769592434.5839796,-0.020775,10.531096,"-0.020775, 10.531096"
17:27:14.591,1769592434.5915797,-0.020775,10.531096,"-0.020775, 10.531096"
17:27:14.607,1769592434.6071825,-0.020775,10.531096,"-0.020775, 10.531096"
17:27:14.609,1769592434.6091914,0.053209,10.57172,"0.053209, 10.571720"
17:27:14.632,1769592434.6325862,0.053209,10.57172,"0.053209, 10.571720"
17:27:14.645,1769592434.6451218,0.053209,10.57172,"0.053209, 10.571720"
17:27:14.649,1769592434.6491277,0.11926,10.381479,"0.119260, 10.381479"
17:27:14.678,1769592434.6783555,0.11926,10.381479,"0.119260, 10.381479"
17:27:14.683,1769592434.6832309,-0.006626,10.394767,"-0.006626, 10.394767"
17:27:14.685,1769592434.685739,-0.006626,10.394767,"-0.006626, 10.394767"
17:27:14.704,1769592434.7046874,-0.006626,10.394767,"-0.006626, 10.394767"
17:27:14.714,1769592434.7142868,-0.140622,10.426449,"-0.140622, 10.426449"
17:27:14.717,1769592434.717203,-0.140622,10.426449,"-0.140622, 10.426449"
17:27:14.746,1769592434.7464745,-0.140622,10.426449,"-0.140622, 10.426449"
17:27:14.751,1769592434.7514758,-0.226312,10.521919,"-0.226312, 10.521919"
17:27:14.753,1769592434.7537057,-0.226312,10.521919,"-0.226312, 10.521919"
17:27:14.778,1769592434.7781994,0.025293,10.378601,"0.025293, 10.378601"
17:27:14.783,1769592434.783719,0.025293,10.378601,"0.025293, 10.378601"
17:27:14.786,1769592434.7869432,0.025293,10.378601,"0.025293, 10.378601"
17:27:14.838,1769592434.8381276,0.074897,10.368198,"0.074897, 10.368198"
17:27:14.841,1769592434.8417034,0.074897,10.368198,"0.074897, 10.368198"
17:27:14.844,1769592434.8442316,0.074897,10.368198,"0.074897, 10.368198"
17:27:14.852,1769592434.8520422,-0.090949,10.496473,"-0.090949, 10.496473"
17:27:14.855,1769592434.8556383,-0.090949,10.496473,"-0.090949, 10.496473"
17:27:14.872,1769592434.872545,-0.155088,10.447216,"-0.155088, 10.447216"
17:27:14.890,1769592434.8903568,-0.155088,10.447216,"-0.155088, 10.447216"
17:27:14.891,1769592434.8934016,-0.155088,10.447216,"-0.155088, 10.447216"
17:27:14.895,1769592434.8954153,0.145409,10.441948,"0.145409, 10.441948"
17:27:14.921,1769592434.92147,0.145409,10.441948,"0.145409, 10.441948"
17:27:14.927,1769592434.9270835,0.145409,10.441948,"0.145409, 10.441948"
17:27:14.930,1769592434.930105,0.178658,10.447142,"0.178658, 10.447142"
17:27:14.955,1769592434.955581,0.178658,10.447142,"0.178658, 10.447142"
17:27:14.975,1769592434.9759152,-0.001829,10.352383,"-0.001829, 10.352383"
17:27:14.979,1769592434.9791837,-0.001829,10.352383,"-0.001829, 10.352383"
17:27:14.991,1769592434.9919913,-0.001829,10.352383,"-0.001829, 10.352383"
17:27:14.995,1769592434.995074,-0.056859,10.513058,"-0.056859, 10.513058"
17:27:15.010,1769592435.0109384,-0.056859,10.513058,"-0.056859, 10.513058"
17:27:15.025,1769592435.025722,-0.056859,10.513058,"-0.056859, 10.513058"
17:27:15.036,1769592435.0360496,0.048104,10.447035,"0.048104, 10.447035"
17:27:15.045,1769592435.0454595,0.048104,10.447035,"0.048104, 10.447035"
17:27:15.059,1769592435.0597095,-0.094937,10.84132,"-0.094937, 10.841320"
17:27:15.072,1769592435.0721152,-0.094937,10.84132,"-0.094937, 10.841320"
17:27:15.078,1769592435.078141,-0.094937,10.84132,"-0.094937, 10.841320"
17:27:15.100,1769592435.1004493,-0.061224,10.758245,"-0.061224, 10.758245"
17:27:15.104,1769592435.104505,-0.061224,10.758245,"-0.061224, 10.758245"
17:27:15.122,1769592435.1229951,-0.061224,10.758245,"-0.061224, 10.758245"
17:27:15.140,1769592435.1407871,-0.128406,10.498121,"-0.128406, 10.498121"
17:27:15.143,1769592435.1433258,-0.128406,10.498121,"-0.128406, 10.498121"
17:27:15.158,1769592435.158063,-0.06257,10.101835,"-0.062570, 10.101835"
17:27:15.176,1769592435.1765344,-0.06257,10.101835,"-0.062570, 10.101835"
17:27:15.178,1769592435.1784794,-0.06257,10.101835,"-0.062570, 10.101835"
17:27:15.203,1769592435.2034926,-0.164592,10.225588,"-0.164592, 10.225588"
17:27:15.205,1769592435.2055717,-0.164592,10.225588,"-0.164592, 10.225588"
17:27:15.216,1769592435.2163243,-0.164592,10.225588,"-0.164592, 10.225588"
17:27:15.233,1769592435.2330117,-0.206327,10.392409,"-0.206327, 10.392409"
17:27:15.242,1769592435.2420595,-0.206327,10.392409,"-0.206327, 10.392409"
17:27:15.252,1769592435.2524598,0.045928,10.515013,"0.045928, 10.515013"
17:27:15.268,1769592435.2680635,0.045928,10.515013,"0.045928, 10.515013"
17:27:15.278,1769592435.2782574,0.045928,10.515013,"0.045928, 10.515013"
17:27:15.286,1769592435.2861118,0.093005,10.710421,"0.093005, 10.710421"
17:27:15.299,1769592435.299806,0.093005,10.710421,"0.093005, 10.710421"
17:27:15.320,1769592435.3202326,0.093005,10.710421,"0.093005, 10.710421"
17:27:15.323,1769592435.3232388,0.108638,10.525295,"0.108638, 10.525295"
17:27:15.333,1769592435.3333302,0.108638,10.525295,"0.108638, 10.525295"
17:27:15.355,1769592435.3556938,0.884723,10.48467,"0.884723, 10.484670"
17:27:15.358,1769592435.3583372,0.884723,10.48467,"0.884723, 10.484670"
17:27:15.375,1769592435.3755999,0.884723,10.48467,"0.884723, 10.484670"
17:27:15.385,1769592435.3851125,0.838489,10.977866,"0.838489, 10.977866"
17:27:15.396,1769592435.3967113,0.838489,10.977866,"0.838489, 10.977866"
17:27:15.410,1769592435.4101021,0.838489,10.977866,"0.838489, 10.977866"
17:27:15.432,1769592435.4323523,-0.69489,11.076913,"-0.694890, 11.076913"
17:27:15.434,1769592435.434678,-0.69489,11.076913,"-0.694890, 11.076913"
17:27:15.451,1769592435.4515269,-0.114792,10.261683,"-0.114792, 10.261683"
17:27:15.455,1769592435.4558852,-0.114792,10.261683,"-0.114792, 10.261683"
17:27:15.470,1769592435.470696,-0.114792,10.261683,"-0.114792, 10.261683"
17:27:15.482,1769592435.4824278,0.138325,8.965002,"0.138325, 8.965002"
17:27:15.495,1769592435.4951117,0.138325,8.965002,"0.138325, 8.965002"
17:27:15.504,1769592435.504491,0.138325,8.965002,"0.138325, 8.965002"
17:27:15.519,1769592435.5194812,-0.532258,8.60062,"-0.532258, 8.600620"
17:27:15.531,1769592435.5313308,-0.532258,8.60062,"-0.532258, 8.600620"
17:27:15.535,1769592435.5355325,-1.646043,8.493908,"-1.646043, 8.493908"
17:27:15.554,1769592435.5548284,-1.646043,8.493908,"-1.646043, 8.493908"
17:27:15.568,1769592435.5682106,-1.646043,8.493908,"-1.646043, 8.493908"
17:27:15.571,1769592435.5717866,-1.469561,8.920241,"-1.469561, 8.920241"
17:27:15.585,1769592435.58577,-1.469561,8.920241,"-1.469561, 8.920241"
17:27:15.601,1769592435.601539,-1.469561,8.920241,"-1.469561, 8.920241"
17:27:15.621,1769592435.6221497,-0.065732,9.363979,"-0.065732, 9.363979"
17:27:15.625,1769592435.6252737,-0.065732,9.363979,"-0.065732, 9.363979"
17:27:15.641,1769592435.6419759,0.500505,9.726922,"0.500505, 9.726922"
17:27:15.645,1769592435.6455472,0.500505,9.726922,"0.500505, 9.726922"
17:27:15.651,1769592435.65165,0.500505,9.726922,"0.500505, 9.726922"
17:27:15.677,1769592435.677621,-0.064592,10.445322,"-0.064592, 10.445322"
17:27:15.685,1769592435.6857553,-0.064592,10.445322,"-0.064592, 10.445322"
17:27:15.699,1769592435.6994197,-0.064592,10.445322,"-0.064592, 10.445322"
17:27:15.713,1769592435.7130787,-0.666824,10.359073,"-0.666824, 10.359073"
17:27:15.715,1769592435.71577,-0.666824,10.359073,"-0.666824, 10.359073"
17:27:15.734,1769592435.7347968,-0.342574,9.770944,"-0.342574, 9.770944"
17:27:15.749,1769592435.7494504,-0.342574,9.770944,"-0.342574, 9.770944"
17:27:15.752,1769592435.7521546,-0.342574,9.770944,"-0.342574, 9.770944"
17:27:15.767,1769592435.767974,0.122654,9.151659,"0.122654, 9.151659"
17:27:15.789,1769592435.7895005,0.122654,9.151659,"0.122654, 9.151659"
17:27:15.791,1769592435.7915163,0.122654,9.151659,"0.122654, 9.151659"
17:27:15.794,1769592435.7945406,-0.170383,9.110456,"-0.170383, 9.110456"
17:27:15.822,1769592435.8238358,-0.170383,9.110456,"-0.170383, 9.110456"
17:27:15.826,1769592435.8269026,-0.596372,9.827089,"-0.596372, 9.827089"
17:27:15.832,1769592435.8320658,-0.596372,9.827089,"-0.596372, 9.827089"
17:27:15.863,1769592435.8631544,-0.596372,9.827089,"-0.596372, 9.827089"
17:27:15.865,1769592435.8657851,-0.406816,10.289898,"-0.406816, 10.289898"
17:27:15.883,1769592435.8837976,-0.406816,10.289898,"-0.406816, 10.289898"
17:27:15.887,1769592435.8879435,-0.406816,10.289898,"-0.406816, 10.289898"
17:27:15.900,1769592435.9005837,0.027148,10.423265,"0.027148, 10.423265"
17:27:15.904,1769592435.9043021,0.027148,10.423265,"0.027148, 10.423265"
17:27:15.928,1769592435.928756,-0.141631,10.202925,"-0.141631, 10.202925"
17:27:15.940,1769592435.9407227,-0.141631,10.202925,"-0.141631, 10.202925"
17:27:15.951,1769592435.9510844,-0.141631,10.202925,"-0.141631, 10.202925"
17:27:15.969,1769592435.9693737,-0.599934,9.698462,"-0.599934, 9.698462"
17:27:15.972,1769592435.9721203,-0.599934,9.698462,"-0.599934, 9.698462"
17:27:15.974,1769592435.9741483,-0.599934,9.698462,"-0.599934, 9.698462"
17:27:16.003,1769592436.003733,-0.594,9.335655,"-0.594000, 9.335655"
17:27:16.011,1769592436.011947,-0.594,9.335655,"-0.594000, 9.335655"
17:27:16.015,1769592436.0150158,-0.365095,9.466261,"-0.365095, 9.466261"
17:27:16.036,1769592436.0368395,-0.365095,9.466261,"-0.365095, 9.466261"
17:27:16.042,1769592436.042471,-0.365095,9.466261,"-0.365095, 9.466261"
17:27:16.059,1769592436.0594754,-0.30053,9.997737,"-0.300530, 9.997737"
17:27:16.073,1769592436.0731013,-0.30053,9.997737,"-0.300530, 9.997737"
17:27:16.076,1769592436.076612,-0.30053,9.997737,"-0.300530, 9.997737"
17:27:16.095,1769592436.095185,-0.220788,10.370881,"-0.220788, 10.370881"
17:27:16.109,1769592436.1096284,-0.220788,10.370881,"-0.220788, 10.370881"
17:27:16.113,1769592436.1132302,-0.387117,10.205713,"-0.387117, 10.205713"
17:27:16.121,1769592436.1218638,-0.387117,10.205713,"-0.387117, 10.205713"
17:27:16.145,1769592436.1452508,-0.387117,10.205713,"-0.387117, 10.205713"
17:27:16.148,1769592436.1488411,-0.442937,9.797953,"-0.442937, 9.797953"
17:27:16.158,1769592436.1580048,-0.442937,9.797953,"-0.442937, 9.797953"
17:27:16.182,1769592436.182892,-0.442937,9.797953,"-0.442937, 9.797953"
17:27:16.186,1769592436.186437,-0.451583,9.588456,"-0.451583, 9.588456"
17:27:16.200,1769592436.2006302,-0.451583,9.588456,"-0.451583, 9.588456"
17:27:16.222,1769592436.2220957,-0.419066,9.415006,"-0.419066, 9.415006"
17:27:16.224,1769592436.2241063,-0.419066,9.415006,"-0.419066, 9.415006"
17:27:16.238,1769592436.2381284,-0.419066,9.415006,"-0.419066, 9.415006"
17:27:16.254,1769592436.2542093,-0.360423,9.713614,"-0.360423, 9.713614"
17:27:16.258,1769592436.2582643,-0.360423,9.713614,"-0.360423, 9.713614"
17:27:16.267,1769592436.267059,-0.360423,9.713614,"-0.360423, 9.713614"
17:27:16.282,1769592436.2825341,-0.360423,9.713614,"-0.360423, 9.713614"
17:27:16.301,1769592436.3015904,-0.360423,9.713614,"-0.360423, 9.713614"
17:27:16.308,1769592436.3083847,-0.418812,10.14233,"-0.418812, 10.142330"
17:27:16.329,1769592436.329327,-0.418812,10.14233,"-0.418812, 10.142330"
17:27:16.331,1769592436.3313377,-0.418812,10.14233,"-0.418812, 10.142330"
17:27:16.336,1769592436.3363671,-0.643106,10.224628,"-0.643106, 10.224628"
17:27:16.362,1769592436.3620493,-0.643106,10.224628,"-0.643106, 10.224628"
17:27:16.365,1769592436.3652003,-0.643106,10.224628,"-0.643106, 10.224628"
17:27:16.373,1769592436.3731298,-0.764104,9.521147,"-0.764104, 9.521147"
17:27:16.397,1769592436.397761,-0.764104,9.521147,"-0.764104, 9.521147"
17:27:16.400,1769592436.400441,0.08139,9.325221,"0.081390, 9.325221"
17:27:16.419,1769592436.4193885,0.08139,9.325221,"0.081390, 9.325221"
17:27:16.432,1769592436.4329162,0.08139,9.325221,"0.081390, 9.325221"
17:27:16.440,1769592436.4404578,0.148179,9.560102,"0.148179, 9.560102"
17:27:16.452,1769592436.452618,0.148179,9.560102,"0.148179, 9.560102"
17:27:16.464,1769592436.4644094,0.148179,9.560102,"0.148179, 9.560102"
17:27:16.476,1769592436.4765794,-0.240356,9.981584,"-0.240356, 9.981584"
17:27:16.488,1769592436.488064,-0.240356,9.981584,"-0.240356, 9.981584"
17:27:16.505,1769592436.5055761,-0.147402,10.354147,"-0.147402, 10.354147"
17:27:16.509,1769592436.509634,-0.147402,10.354147,"-0.147402, 10.354147"
17:27:16.521,1769592436.5221274,-0.147402,10.354147,"-0.147402, 10.354147"
17:27:16.540,1769592436.5408783,-0.024028,10.208366,"-0.024028, 10.208366"
17:27:16.544,1769592436.544201,-0.024028,10.208366,"-0.024028, 10.208366"
17:27:16.559,1769592436.5592864,-0.024028,10.208366,"-0.024028, 10.208366"
17:27:16.573,1769592436.5730906,-0.257277,9.85776,"-0.257277, 9.857760"
17:27:16.595,1769592436.5952835,-0.257277,9.85776,"-0.257277, 9.857760"
17:27:16.604,1769592436.6048722,-0.297478,9.67067,"-0.297478, 9.670670"
17:27:16.612,1769592436.612045,-0.297478,9.67067,"-0.297478, 9.670670"
17:27:16.622,1769592436.6229959,-0.297478,9.67067,"-0.297478, 9.670670"
17:27:16.632,1769592436.6320555,-0.28902,9.641509,"-0.289020, 9.641509"
17:27:16.654,1769592436.6548736,-0.28902,9.641509,"-0.289020, 9.641509"
17:27:16.657,1769592436.6578782,-0.28902,9.641509,"-0.289020, 9.641509"
17:27:16.667,1769592436.6678545,-0.272094,9.801113,"-0.272094, 9.801113"
17:27:16.685,1769592436.6854267,-0.272094,9.801113,"-0.272094, 9.801113"
17:27:16.689,1769592436.6892915,-0.376735,10.081976,"-0.376735, 10.081976"
17:27:16.705,1769592436.7057843,-0.376735,10.081976,"-0.376735, 10.081976"
17:27:16.722,1769592436.7228317,-0.376735,10.081976,"-0.376735, 10.081976"
17:27:16.725,1769592436.7256806,-0.415413,10.212713,"-0.415413, 10.212713"
17:27:16.738,1769592436.73813,-0.415413,10.212713,"-0.415413, 10.212713"
17:27:16.755,1769592436.755595,-0.415413,10.212713,"-0.415413, 10.212713"
17:27:16.765,1769592436.765861,-0.154252,9.953165,"-0.154252, 9.953165"
17:27:16.778,1769592436.7781494,-0.154252,9.953165,"-0.154252, 9.953165"
17:27:16.794,1769592436.7945273,-0.525724,9.526918,"-0.525724, 9.526918"
17:27:16.800,1769592436.8004608,-0.525724,9.526918,"-0.525724, 9.526918"
17:27:16.809,1769592436.8096385,-0.525724,9.526918,"-0.525724, 9.526918"
17:27:16.831,1769592436.8314526,-0.292046,9.146574,"-0.292046, 9.146574"
17:27:16.836,1769592436.8369067,-0.292046,9.146574,"-0.292046, 9.146574"
17:27:16.850,1769592436.8505557,-0.292046,9.146574,"-0.292046, 9.146574"
17:27:16.864,1769592436.8643925,-0.496819,9.326933,"-0.496819, 9.326933"
17:27:16.869,1769592436.869941,-0.496819,9.326933,"-0.496819, 9.326933"
17:27:16.881,1769592436.8817966,-0.650326,10.006599,"-0.650326, 10.006599"
17:27:16.900,1769592436.9004958,-0.650326,10.006599,"-0.650326, 10.006599"
17:27:16.904,1769592436.904528,-0.650326,10.006599,"-0.650326, 10.006599"
17:27:16.920,1769592436.9200249,-0.181215,10.169378,"-0.181215, 10.169378"
17:27:16.938,1769592436.9389882,-0.181215,10.169378,"-0.181215, 10.169378"
17:27:16.942,1769592436.9429438,-0.181215,10.169378,"-0.181215, 10.169378"
17:27:16.954,1769592436.9545355,0.663735,9.852693,"0.663735, 9.852693"
17:27:16.973,1769592436.973262,0.663735,9.852693,"0.663735, 9.852693"
17:27:16.976,1769592436.9767704,-0.227281,9.994571,"-0.227281, 9.994571"
17:27:16.991,1769592436.9917638,-0.227281,9.994571,"-0.227281, 9.994571"
17:27:17.009,1769592437.0095074,-0.227281,9.994571,"-0.227281, 9.994571"
17:27:17.013,1769592437.013013,-1.145193,10.252131,"-1.145193, 10.252131"
17:27:17.025,1769592437.0255718,-1.145193,10.252131,"-1.145193, 10.252131"
17:27:17.048,1769592437.04827,-1.145193,10.252131,"-1.145193, 10.252131"
17:27:17.050,1769592437.0507293,-0.654035,10.055338,"-0.654035, 10.055338"
17:27:17.054,1769592437.0543416,-0.654035,10.055338,"-0.654035, 10.055338"
17:27:17.082,1769592437.0824175,0.164458,9.717209,"0.164458, 9.717209"
17:27:17.093,1769592437.093324,0.164458,9.717209,"0.164458, 9.717209"
17:27:17.096,1769592437.0964382,0.164458,9.717209,"0.164458, 9.717209"
17:27:17.116,1769592437.116322,0.234488,9.770861,"0.234488, 9.770861"
17:27:17.140,1769592437.1405382,0.234488,9.770861,"0.234488, 9.770861"
17:27:17.143,1769592437.143049,0.234488,9.770861,"0.234488, 9.770861"
17:27:17.146,1769592437.1466293,-0.600871,9.974288,"-0.600871, 9.974288"
17:27:17.163,1769592437.163113,-0.600871,9.974288,"-0.600871, 9.974288"
17:27:17.169,1769592437.1694627,-0.775892,9.943411,"-0.775892, 9.943411"
17:27:17.190,1769592437.1905699,-0.775892,9.943411,"-0.775892, 9.943411"
17:27:17.194,1769592437.1946008,-0.775892,9.943411,"-0.775892, 9.943411"
17:27:17.204,1769592437.2048805,-0.111704,9.669764,"-0.111704, 9.669764"
17:27:17.225,1769592437.2253165,-0.111704,9.669764,"-0.111704, 9.669764"
17:27:17.235,1769592437.2355053,-0.111704,9.669764,"-0.111704, 9.669764"
17:27:17.245,1769592437.2453156,0.016146,9.659086,"0.016146, 9.659086"
17:27:17.261,1769592437.2613738,0.016146,9.659086,"0.016146, 9.659086"
17:27:17.274,1769592437.274393,-0.475698,10.017157,"-0.475698, 10.017157"
17:27:17.276,1769592437.2768338,-0.475698,10.017157,"-0.475698, 10.017157"
17:27:17.298,1769592437.298546,-0.475698,10.017157,"-0.475698, 10.017157"
17:27:17.301,1769592437.3016489,-0.436028,9.940699,"-0.436028, 9.940699"
17:27:17.317,1769592437.3174613,-0.436028,9.940699,"-0.436028, 9.940699"
17:27:17.325,1769592437.3257039,-0.436028,9.940699,"-0.436028, 9.940699"
17:27:17.348,1769592437.3482897,-0.14232,9.817739,"-0.142320, 9.817739"
17:27:17.354,1769592437.3546522,-0.14232,9.817739,"-0.142320, 9.817739"
17:27:17.366,1769592437.3661983,-0.082907,9.850456,"-0.082907, 9.850456"
17:27:17.377,1769592437.3775265,-0.082907,9.850456,"-0.082907, 9.850456"
17:27:17.392,1769592437.3928924,-0.082907,9.850456,"-0.082907, 9.850456"
17:27:17.399,1769592437.39981,-0.389587,9.805149,"-0.389587, 9.805149"
17:27:17.415,1769592437.4150815,-0.389587,9.805149,"-0.389587, 9.805149"
17:27:17.418,1769592437.4187195,-0.389587,9.805149,"-0.389587, 9.805149"
17:27:17.433,1769592437.4335368,-0.299042,9.768335,"-0.299042, 9.768335"
17:27:17.449,1769592437.4491594,-0.299042,9.768335,"-0.299042, 9.768335"
17:27:17.462,1769592437.4620974,-0.356935,9.934623,"-0.356935, 9.934623"
17:27:17.464,1769592437.4640968,-0.356935,9.934623,"-0.356935, 9.934623"
17:27:17.487,1769592437.48792,-0.356935,9.934623,"-0.356935, 9.934623"
17:27:17.491,1769592437.4916847,-0.879878,9.607391,"-0.879878, 9.607391"
17:27:17.507,1769592437.507765,-0.879878,9.607391,"-0.879878, 9.607391"
17:27:17.520,1769592437.520084,-0.879878,9.607391,"-0.879878, 9.607391"
17:27:17.535,1769592437.5353725,-0.37134,9.732418,"-0.371340, 9.732418"
17:27:17.538,1769592437.5380077,-0.37134,9.732418,"-0.371340, 9.732418"
17:27:17.559,1769592437.5595374,-0.118243,9.98883,"-0.118243, 9.988830"
17:27:17.569,1769592437.569929,-0.118243,9.98883,"-0.118243, 9.988830"
17:27:17.583,1769592437.585042,-0.118243,9.98883,"-0.118243, 9.988830"
17:27:17.594,1769592437.59439,0.729698,9.920948,"0.729698, 9.920948"
17:27:17.605,1769592437.6059382,0.729698,9.920948,"0.729698, 9.920948"
17:27:17.625,1769592437.6258895,0.729698,9.920948,"0.729698, 9.920948"
17:27:17.628,1769592437.6288996,0.474347,10.280077,"0.474347, 10.280077"
17:27:17.641,1769592437.6419678,0.474347,10.280077,"0.474347, 10.280077"
17:27:17.654,1769592437.654461,-0.165545,10.497317,"-0.165545, 10.497317"
17:27:17.675,1769592437.675202,-0.165545,10.497317,"-0.165545, 10.497317"
17:27:17.680,1769592437.6803384,-0.165545,10.497317,"-0.165545, 10.497317"
17:27:17.685,1769592437.685716,-0.220322,10.234444,"-0.220322, 10.234444"
17:27:17.700,1769592437.7007768,-0.220322,10.234444,"-0.220322, 10.234444"
17:27:17.720,1769592437.72018,-0.220322,10.234444,"-0.220322, 10.234444"
17:27:17.723,1769592437.7231858,-0.048874,9.844778,"-0.048874, 9.844778"
17:27:17.738,1769592437.7380118,-0.048874,9.844778,"-0.048874, 9.844778"
17:27:17.749,1769592437.7494414,0.11247,9.537012,"0.112470, 9.537012"
17:27:17.761,1769592437.7617667,0.11247,9.537012,"0.112470, 9.537012"
17:27:17.778,1769592437.7784257,0.11247,9.537012,"0.112470, 9.537012"
17:27:17.783,1769592437.7833297,-0.208224,9.721968,"-0.208224, 9.721968"
17:27:17.797,1769592437.7978473,-0.208224,9.721968,"-0.208224, 9.721968"
17:27:17.814,1769592437.8145783,-0.208224,9.721968,"-0.208224, 9.721968"
17:27:17.817,1769592437.8177092,-0.657452,10.095514,"-0.657452, 10.095514"
17:27:17.832,1769592437.8322253,-0.657452,10.095514,"-0.657452, 10.095514"
17:27:17.864,1769592437.8649013,-0.268557,10.202562,"-0.268557, 10.202562"
17:27:17.869,1769592437.8694894,-0.268557,10.202562,"-0.268557, 10.202562"
17:27:17.871,1769592437.8710794,-0.268557,10.202562,"-0.268557, 10.202562"
17:27:17.891,1769592437.891967,0.258641,10.046607,"0.258641, 10.046607"
17:27:17.894,1769592437.8944786,0.258641,10.046607,"0.258641, 10.046607"
17:27:17.900,1769592437.9006755,0.258641,10.046607,"0.258641, 10.046607"
17:27:17.917,1769592437.9179473,0.074804,9.862278,"0.074804, 9.862278"
17:27:17.928,1769592437.9295802,0.074804,9.862278,"0.074804, 9.862278"
17:27:17.945,1769592437.945218,-0.292306,9.741894,"-0.292306, 9.741894"
17:27:17.955,1769592437.9555466,-0.292306,9.741894,"-0.292306, 9.741894"
17:27:17.967,1769592437.9678206,-0.292306,9.741894,"-0.292306, 9.741894"
17:27:17.971,1769592437.97193,-0.344719,9.708665,"-0.344719, 9.708665"
17:27:17.991,1769592437.991659,-0.344719,9.708665,"-0.344719, 9.708665"
17:27:18.006,1769592438.0068212,-0.344719,9.708665,"-0.344719, 9.708665"
17:27:18.009,1769592438.0093322,-0.035137,9.870625,"-0.035137, 9.870625"
17:27:18.028,1769592438.028318,-0.035137,9.870625,"-0.035137, 9.870625"
17:27:18.039,1769592438.0393445,0.181847,10.092443,"0.181847, 10.092443"
17:27:18.054,1769592438.0549889,0.181847,10.092443,"0.181847, 10.092443"
17:27:18.064,1769592438.064688,0.181847,10.092443,"0.181847, 10.092443"
17:27:18.076,1769592438.0769632,-0.047491,10.137215,"-0.047491, 10.137215"
17:27:18.082,1769592438.0827622,-0.047491,10.137215,"-0.047491, 10.137215"
17:27:18.100,1769592438.1007924,-0.047491,10.137215,"-0.047491, 10.137215"
17:27:18.120,1769592438.1207821,-0.258223,9.886669,"-0.258223, 9.886669"
17:27:18.123,1769592438.123306,-0.258223,9.886669,"-0.258223, 9.886669"
17:27:18.135,1769592438.135631,-0.484657,9.5229,"-0.484657, 9.522900"
17:27:18.146,1769592438.1465752,-0.484657,9.5229,"-0.484657, 9.522900"
17:27:18.150,1769592438.150741,-0.484657,9.5229,"-0.484657, 9.522900"
17:27:18.172,1769592438.172074,-0.359077,9.828642,"-0.359077, 9.828642"
17:27:18.188,1769592438.1881292,-0.359077,9.828642,"-0.359077, 9.828642"
17:27:18.192,1769592438.1924236,-0.359077,9.828642,"-0.359077, 9.828642"
17:27:18.211,1769592438.2112381,0.891643,9.656528,"0.891643, 9.656528"
17:27:18.218,1769592438.2186377,0.891643,9.656528,"0.891643, 9.656528"
17:27:18.231,1769592438.2312768,-0.257577,9.80117,"-0.257577, 9.801170"
17:27:18.248,1769592438.2486455,-0.257577,9.80117,"-0.257577, 9.801170"
17:27:18.256,1769592438.2568774,-0.257577,9.80117,"-0.257577, 9.801170"
17:27:18.259,1769592438.2597244,-1.035096,10.153336,"-1.035096, 10.153336"
17:27:18.274,1769592438.2746043,-1.035096,10.153336,"-1.035096, 10.153336"
17:27:18.290,1769592438.2901886,-1.035096,10.153336,"-1.035096, 10.153336"
17:27:18.307,1769592438.3076432,-1.210728,10.241159,"-1.210728, 10.241159"
17:27:18.323,1769592438.323388,-1.210728,10.241159,"-1.210728, 10.241159"
17:27:18.326,1769592438.326899,0.519673,10.036701,"0.519673, 10.036701"
17:27:18.336,1769592438.3369887,0.519673,10.036701,"0.519673, 10.036701"
17:27:18.350,1769592438.3504832,0.519673,10.036701,"0.519673, 10.036701"
17:27:18.361,1769592438.3617404,1.278646,9.911011,"1.278646, 9.911011"
17:27:18.371,1769592438.3719668,1.278646,9.911011,"1.278646, 9.911011"
17:27:18.375,1769592438.375029,1.278646,9.911011,"1.278646, 9.911011"
17:27:18.398,1769592438.3980062,0.591519,10.47987,"0.591519, 10.479870"
17:27:18.420,1769592438.420519,0.591519,10.47987,"0.591519, 10.479870"
17:27:18.424,1769592438.4245481,-0.321696,10.606475,"-0.321696, 10.606475"
17:27:18.437,1769592438.4379725,-0.321696,10.606475,"-0.321696, 10.606475"
17:27:18.444,1769592438.4445376,-0.321696,10.606475,"-0.321696, 10.606475"
17:27:18.462,1769592438.4629521,-0.145057,10.232054,"-0.145057, 10.232054"
17:27:18.471,1769592438.4719486,-0.145057,10.232054,"-0.145057, 10.232054"
17:27:18.475,1769592438.4754603,-0.145057,10.232054,"-0.145057, 10.232054"
17:27:18.495,1769592438.4950593,0.592274,9.588362,"0.592274, 9.588362"
17:27:18.506,1769592438.506916,0.592274,9.588362,"0.592274, 9.588362"
17:27:18.517,1769592438.5178757,0.543077,9.462085,"0.543077, 9.462085"
17:27:18.531,1769592438.5311477,0.543077,9.462085,"0.543077, 9.462085"
17:27:18.542,1769592438.5428774,0.543077,9.462085,"0.543077, 9.462085"
17:27:18.555,1769592438.555443,-0.033587,9.889528,"-0.033587, 9.889528"
17:27:18.575,1769592438.5752294,-0.033587,9.889528,"-0.033587, 9.889528"
17:27:18.581,1769592438.5818396,-0.033587,9.889528,"-0.033587, 9.889528"
17:27:18.583,1769592438.5839288,-0.375032,10.353139,"-0.375032, 10.353139"
17:27:18.609,1769592438.609405,-0.375032,10.353139,"-0.375032, 10.353139"
17:27:18.611,1769592438.6115148,0.421309,10.353844,"0.421309, 10.353844"
17:27:18.632,1769592438.6323404,0.421309,10.353844,"0.421309, 10.353844"
17:27:18.636,1769592438.6374567,0.421309,10.353844,"0.421309, 10.353844"
17:27:18.650,1769592438.650669,0.386304,10.233217,"0.386304, 10.233217"
17:27:18.661,1769592438.6617188,0.386304,10.233217,"0.386304, 10.233217"
17:27:18.664,1769592438.6642416,0.386304,10.233217,"0.386304, 10.233217"
17:27:18.715,1769592438.7151563,0.031743,10.200077,"0.031743, 10.200077"
17:27:18.718,1769592438.7181432,0.031743,10.200077,"0.031743, 10.200077"
17:27:18.720,1769592438.7207308,-0.252385,10.073351,"-0.252385, 10.073351"
17:27:18.731,1769592438.731246,-0.252385,10.073351,"-0.252385, 10.073351"
17:27:18.744,1769592438.7445364,-0.252385,10.073351,"-0.252385, 10.073351"
17:27:18.749,1769592438.7497528,0.052859,9.888223,"0.052859, 9.888223"
17:27:18.759,1769592438.7608733,0.052859,9.888223,"0.052859, 9.888223"
17:27:18.764,1769592438.7645016,0.052859,9.888223,"0.052859, 9.888223"
17:27:18.779,1769592438.779368,0.444047,10.077024,"0.444047, 10.077024"
17:27:18.795,1769592438.7950823,0.444047,10.077024,"0.444047, 10.077024"
17:27:18.806,1769592438.806819,0.098552,10.342797,"0.098552, 10.342797"
17:27:18.821,1769592438.8218205,0.098552,10.342797,"0.098552, 10.342797"
17:27:18.829,1769592438.8294802,0.098552,10.342797,"0.098552, 10.342797"
17:27:18.836,1769592438.8368113,-0.524424,10.547516,"-0.524424, 10.547516"
17:27:18.854,1769592438.8548765,-0.524424,10.547516,"-0.524424, 10.547516"
17:27:18.865,1769592438.8656187,-0.524424,10.547516,"-0.524424, 10.547516"
17:27:18.878,1769592438.8780055,0.117284,10.059295,"0.117284, 10.059295"
17:27:18.882,1769592438.8820503,0.117284,10.059295,"0.117284, 10.059295"
17:27:18.904,1769592438.9045713,0.248355,9.57444,"0.248355, 9.574440"
17:27:18.907,1769592438.9075763,0.248355,9.57444,"0.248355, 9.574440"
17:27:18.925,1769592438.925519,0.248355,9.57444,"0.248355, 9.574440"
17:27:18.945,1769592438.945351,-0.268985,9.728256,"-0.268985, 9.728256"
17:27:18.947,1769592438.9479325,-0.268985,9.728256,"-0.268985, 9.728256"
17:27:18.959,1769592438.95951,-0.268985,9.728256,"-0.268985, 9.728256"
17:27:18.974,1769592438.974283,-0.702072,10.352526,"-0.702072, 10.352526"
17:27:18.991,1769592438.9917278,-0.702072,10.352526,"-0.702072, 10.352526"
17:27:18.994,1769592438.9942403,0.24894,9.94848,"0.248940, 9.948480"
17:27:19.010,1769592439.010813,0.24894,9.94848,"0.248940, 9.948480"
17:27:19.028,1769592439.0280142,0.24894,9.94848,"0.248940, 9.948480"
17:27:19.032,1769592439.0325503,0.823869,9.058714,"0.823869, 9.058714"
17:27:19.045,1769592439.045079,0.823869,9.058714,"0.823869, 9.058714"
17:27:19.057,1769592439.0578985,0.823869,9.058714,"0.823869, 9.058714"
17:27:19.071,1769592439.071168,-0.386049,9.181488,"-0.386049, 9.181488"
17:27:19.081,1769592439.0813465,-0.386049,9.181488,"-0.386049, 9.181488"
17:27:19.094,1769592439.09414,-0.855163,9.997454,"-0.855163, 9.997454"
17:27:19.107,1769592439.1076078,-0.855163,9.997454,"-0.855163, 9.997454"
17:27:19.117,1769592439.1173348,-0.855163,9.997454,"-0.855163, 9.997454"
17:27:19.135,1769592439.1353707,-0.635394,10.495502,"-0.635394, 10.495502"
17:27:19.138,1769592439.1382296,-0.635394,10.495502,"-0.635394, 10.495502"
17:27:19.150,1769592439.1507242,-0.635394,10.495502,"-0.635394, 10.495502"
17:27:19.166,1769592439.1662204,0.600802,10.870388,"0.600802, 10.870388"
17:27:19.181,1769592439.1813226,0.600802,10.870388,"0.600802, 10.870388"
17:27:19.183,1769592439.1830115,1.505267,10.787209,"1.505267, 10.787209"
17:27:19.206,1769592439.206921,1.505267,10.787209,"1.505267, 10.787209"
17:27:19.212,1769592439.2126327,1.505267,10.787209,"1.505267, 10.787209"
17:27:19.219,1769592439.2197196,0.462816,11.175489,"0.462816, 11.175489"
17:27:19.237,1769592439.237958,0.462816,11.175489,"0.462816, 11.175489"
17:27:19.252,1769592439.252357,0.462816,11.175489,"0.462816, 11.175489"
17:27:19.259,1769592439.2595706,-0.362257,11.195995,"-0.362257, 11.195995"
